"var","species","median","qmin","qmax"
"2000","Aeshna_affinis",-0.57257,-0.89796,-0.2554
"2001","Aeshna_affinis",-0.69664,-0.99666,-0.38097
"2002","Aeshna_affinis",-0.86016,-1.16791,-0.56162
"2003","Aeshna_affinis",-0.26688,-0.55371,0.00862
"2004","Aeshna_affinis",0.04725,-0.1946,0.26813
"2005","Aeshna_affinis",0.05112,-0.17055,0.277
"2006","Aeshna_affinis",0.58351,0.39174,0.77959
"2007","Aeshna_affinis",-0.31066,-0.52649,-0.09917
"2008","Aeshna_affinis",-0.31793,-0.50842,-0.12894
"2009","Aeshna_affinis",0.1715,0.01453,0.33979
"2010","Aeshna_affinis",0.61632,0.484,0.75428
"2011","Aeshna_affinis",-0.64239,-0.79119,-0.48665
"2012","Aeshna_affinis",-0.70704,-0.83071,-0.57901
"2013","Aeshna_affinis",0.00356,-0.11682,0.1217
"2014","Aeshna_affinis",-0.35734,-0.47966,-0.2353
"2015","Aeshna_affinis",-0.52706,-0.64749,-0.41644
"2016","Aeshna_affinis",-0.20265,-0.3109,-0.0939
"2017","Aeshna_affinis",-0.34979,-0.46719,-0.22966
"2018","Aeshna_affinis",0.71127,0.61252,0.80773
"2019","Aeshna_affinis",0.89986,0.79818,0.99799
"2020","Aeshna_affinis",1.00237,0.88999,1.10622
"2021","Aeshna_affinis",0.57197,0.45815,0.68293
"2022","Aeshna_affinis",-0.05091,-0.17675,0.07556
"2023","Aeshna_affinis",0.42822,0.30002,0.54857
"clc_artificial_prop","Aeshna_affinis",-0.07649,-0.14748,-0.00349
"clc_agriculture_prop","Aeshna_affinis",-0.12838,-0.24114,-0.01672
"clc_forest_prop","Aeshna_affinis",-0.59085,-0.71684,-0.46852
"clc_vegetation_prop","Aeshna_affinis",-0.36774,-0.50442,-0.21934
"clc_bare_prop","Aeshna_affinis",1.65726,1.37607,1.92569
"clc_coastal_wetland_prop","Aeshna_affinis",0.16008,0.08663,0.24016
"clc_wetland_prop","Aeshna_affinis",-0.68063,-0.87467,-0.49419
"clc_river_prop","Aeshna_affinis",0.02013,-0.03386,0.07519
"bio10_temp_warmQ_dC","Aeshna_affinis",4.90413,4.62296,5.19792
"bio12_annual_prec_mm","Aeshna_affinis",0.0783,-0.11004,0.24488
"bio4_sd_temp","Aeshna_affinis",0.28513,0.12614,0.4591
"bio10_temp_warmQ_dC2","Aeshna_affinis",-2.72899,-2.94069,-2.5341
"bio12_annual_prec_mm2","Aeshna_affinis",-0.0321,-0.15106,0.08864
"bio4_sd_temp2","Aeshna_affinis",-0.39303,-0.53373,-0.2613
"2000","Aeshna_caerulea",0.3291,-0.33335,0.92643
"2001","Aeshna_caerulea",-0.36804,-1.23611,0.43016
"2002","Aeshna_caerulea",0.15989,-0.6425,0.87091
"2003","Aeshna_caerulea",-0.86676,-1.7552,-0.10148
"2004","Aeshna_caerulea",-0.74091,-1.48215,-0.04079
"2005","Aeshna_caerulea",-0.02399,-0.65591,0.59454
"2006","Aeshna_caerulea",-0.01939,-0.50986,0.45224
"2007","Aeshna_caerulea",-0.03361,-0.47164,0.40994
"2008","Aeshna_caerulea",0.15904,-0.25043,0.55268
"2009","Aeshna_caerulea",0.52187,0.18917,0.8438
"2010","Aeshna_caerulea",0.0292,-0.32709,0.37085
"2011","Aeshna_caerulea",0.11425,-0.29415,0.50001
"2012","Aeshna_caerulea",-0.07559,-0.44063,0.2685
"2013","Aeshna_caerulea",0.70147,0.37675,1.01722
"2014","Aeshna_caerulea",0.12635,-0.24937,0.51749
"2015","Aeshna_caerulea",-0.10736,-0.4446,0.20996
"2016","Aeshna_caerulea",0.51039,0.20944,0.81321
"2017","Aeshna_caerulea",0.13488,-0.18665,0.4458
"2018","Aeshna_caerulea",0.22747,-0.04059,0.48693
"2019","Aeshna_caerulea",-0.25122,-0.56997,0.0519
"2020","Aeshna_caerulea",-0.08442,-0.36158,0.19883
"2021","Aeshna_caerulea",0.07576,-0.19954,0.34673
"2022","Aeshna_caerulea",-0.10791,-0.3918,0.157
"2023","Aeshna_caerulea",-0.29164,-0.59003,-0.01672
"clc_artificial_prop","Aeshna_caerulea",0.03863,-0.26847,0.35297
"clc_agriculture_prop","Aeshna_caerulea",-0.66943,-1.10096,-0.2608
"clc_forest_prop","Aeshna_caerulea",0.84412,0.6149,1.10961
"clc_vegetation_prop","Aeshna_caerulea",0.31762,0.07762,0.57411
"clc_bare_prop","Aeshna_caerulea",-1.72691,-1.96225,-1.50088
"clc_coastal_wetland_prop","Aeshna_caerulea",0.26002,-0.29535,0.59519
"clc_wetland_prop","Aeshna_caerulea",0.85002,0.70979,0.98945
"clc_river_prop","Aeshna_caerulea",0.1198,-0.04589,0.24447
"bio10_temp_warmQ_dC","Aeshna_caerulea",-6.98982,-8.2658,-5.82666
"bio12_annual_prec_mm","Aeshna_caerulea",0.35188,0.01467,0.69284
"bio4_sd_temp","Aeshna_caerulea",2.25845,1.96491,2.56061
"bio10_temp_warmQ_dC2","Aeshna_caerulea",0.88717,0.22291,1.53344
"bio12_annual_prec_mm2","Aeshna_caerulea",0.10434,0.03326,0.18133
"bio4_sd_temp2","Aeshna_caerulea",-0.26563,-0.42026,-0.10642
"2000","Aeshna_cyanea",-0.0814,-0.18048,0.07662
"2001","Aeshna_cyanea",0.26405,0.15527,0.52188
"2002","Aeshna_cyanea",0.02368,-0.123,0.12562
"2003","Aeshna_cyanea",0.37624,0.2825,0.82448
"2004","Aeshna_cyanea",-0.12259,-0.28147,-0.03602
"2005","Aeshna_cyanea",0.1936,0.11891,0.38055
"2006","Aeshna_cyanea",0.07487,-0.00203,0.17441
"2007","Aeshna_cyanea",-0.12204,-0.19171,0.03766
"2008","Aeshna_cyanea",-0.09086,-0.20164,-0.02892
"2009","Aeshna_cyanea",-0.02182,-0.07836,0.10715
"2010","Aeshna_cyanea",-0.02495,-0.17768,0.02931
"2011","Aeshna_cyanea",-0.09651,-0.14591,0.07104
"2012","Aeshna_cyanea",0.06922,-0.12855,0.12231
"2013","Aeshna_cyanea",0.28435,0.13853,0.33924
"2014","Aeshna_cyanea",0.07635,0.0281,0.26086
"2015","Aeshna_cyanea",0.10761,0.06138,0.19477
"2016","Aeshna_cyanea",0.08978,-0.15209,0.14034
"2017","Aeshna_cyanea",0.0302,-0.03615,0.07776
"2018","Aeshna_cyanea",-0.01852,-0.07776,0.02497
"2019","Aeshna_cyanea",-0.18043,-0.42466,-0.13295
"2020","Aeshna_cyanea",-0.12373,-0.17786,-0.07727
"2021","Aeshna_cyanea",-0.1471,-0.39428,-0.09851
"2022","Aeshna_cyanea",-0.13349,-0.18138,-0.06363
"2023","Aeshna_cyanea",-0.27208,-0.43526,-0.22031
"clc_artificial_prop","Aeshna_cyanea",0.20259,0.15852,0.4045
"clc_agriculture_prop","Aeshna_cyanea",0.24164,0.18807,0.46658
"clc_forest_prop","Aeshna_cyanea",-0.06269,-0.15322,-0.00897
"clc_vegetation_prop","Aeshna_cyanea",-0.16631,-0.39318,-0.10147
"clc_bare_prop","Aeshna_cyanea",0.47528,0.38435,0.63353
"clc_coastal_wetland_prop","Aeshna_cyanea",-0.09066,-0.19029,-0.0478
"clc_wetland_prop","Aeshna_cyanea",-0.50422,-0.65168,-0.44154
"clc_river_prop","Aeshna_cyanea",-0.10699,-0.18707,-0.069
"bio10_temp_warmQ_dC","Aeshna_cyanea",-0.64355,-0.78642,-0.55631
"bio12_annual_prec_mm","Aeshna_cyanea",0.65725,0.57287,0.96086
"bio4_sd_temp","Aeshna_cyanea",0.21113,0.13286,0.28448
"bio10_temp_warmQ_dC2","Aeshna_cyanea",-0.87419,-1.35556,-0.79714
"bio12_annual_prec_mm2","Aeshna_cyanea",-0.14673,-0.2225,-0.11695
"bio4_sd_temp2","Aeshna_cyanea",-0.53142,-0.89433,-0.47862
"2000","Aeshna_grandis",0.66503,0.46525,0.87288
"2001","Aeshna_grandis",0.88898,0.6728,1.08413
"2002","Aeshna_grandis",0.13175,-0.05829,0.3246
"2003","Aeshna_grandis",0.79075,0.61733,0.95902
"2004","Aeshna_grandis",-0.12549,-0.28588,0.03102
"2005","Aeshna_grandis",0.74115,0.5821,0.89403
"2006","Aeshna_grandis",-0.18045,-0.33208,-0.03147
"2007","Aeshna_grandis",0.29472,0.15313,0.4389
"2008","Aeshna_grandis",-0.05051,-0.18703,0.07479
"2009","Aeshna_grandis",0.32172,0.20233,0.43567
"2010","Aeshna_grandis",-0.03349,-0.14229,0.0791
"2011","Aeshna_grandis",0.53446,0.41731,0.65294
"2012","Aeshna_grandis",0.12313,0.02017,0.22983
"2013","Aeshna_grandis",0.37265,0.27088,0.47583
"2014","Aeshna_grandis",0.2256,0.12276,0.32607
"2015","Aeshna_grandis",0.18508,0.08391,0.29153
"2016","Aeshna_grandis",0.03382,-0.05745,0.13235
"2017","Aeshna_grandis",0.15039,0.0465,0.25387
"2018","Aeshna_grandis",-0.1764,-0.26975,-0.07865
"2019","Aeshna_grandis",-0.6034,-0.69995,-0.50482
"2020","Aeshna_grandis",-0.63106,-0.7274,-0.53175
"2021","Aeshna_grandis",-0.80961,-0.91083,-0.69946
"2022","Aeshna_grandis",-0.68746,-0.78983,-0.57895
"2023","Aeshna_grandis",-1.10918,-1.22059,-0.99227
"clc_artificial_prop","Aeshna_grandis",0.55396,0.41426,0.70129
"clc_agriculture_prop","Aeshna_grandis",1.33443,1.12694,1.5486
"clc_forest_prop","Aeshna_grandis",0.73256,0.51761,0.94575
"clc_vegetation_prop","Aeshna_grandis",-2.4964,-2.79521,-2.21694
"clc_bare_prop","Aeshna_grandis",-1.03665,-1.34842,-0.71843
"clc_coastal_wetland_prop","Aeshna_grandis",-0.08096,-0.25092,0.06938
"clc_wetland_prop","Aeshna_grandis",0.89151,0.72315,1.06303
"clc_river_prop","Aeshna_grandis",0.09814,-0.02106,0.21181
"bio10_temp_warmQ_dC","Aeshna_grandis",-10.71719,-11.31429,-10.11666
"bio12_annual_prec_mm","Aeshna_grandis",-1.77663,-2.10013,-1.40555
"bio4_sd_temp","Aeshna_grandis",2.6898,2.37798,3.01522
"bio10_temp_warmQ_dC2","Aeshna_grandis",-3.97088,-4.46953,-3.51875
"bio12_annual_prec_mm2","Aeshna_grandis",0.57826,0.46845,0.69138
"bio4_sd_temp2","Aeshna_grandis",-0.35225,-0.5513,-0.15518
"2000","Aeshna_isoceles",-1.25471,-1.50907,-0.9735
"2001","Aeshna_isoceles",-1.8368,-2.13574,-1.53546
"2002","Aeshna_isoceles",-1.43929,-1.70007,-1.17201
"2003","Aeshna_isoceles",-0.70634,-0.91331,-0.49361
"2004","Aeshna_isoceles",-0.86876,-1.08466,-0.66004
"2005","Aeshna_isoceles",-1.0364,-1.24525,-0.81372
"2006","Aeshna_isoceles",-0.66369,-0.8484,-0.47668
"2007","Aeshna_isoceles",-0.23897,-0.40987,-0.07166
"2008","Aeshna_isoceles",-0.1403,-0.29599,0.01608
"2009","Aeshna_isoceles",0.15481,0.00714,0.29734
"2010","Aeshna_isoceles",0.30978,0.17915,0.44044
"2011","Aeshna_isoceles",0.60877,0.48926,0.71986
"2012","Aeshna_isoceles",0.30324,0.18995,0.41821
"2013","Aeshna_isoceles",0.45262,0.33674,0.56779
"2014","Aeshna_isoceles",0.64314,0.53152,0.75206
"2015","Aeshna_isoceles",0.52101,0.41343,0.63205
"2016","Aeshna_isoceles",0.24548,0.1331,0.36255
"2017","Aeshna_isoceles",0.51275,0.40215,0.62149
"2018","Aeshna_isoceles",0.75993,0.64345,0.8673
"2019","Aeshna_isoceles",0.62988,0.50925,0.75393
"2020","Aeshna_isoceles",0.4865,0.3506,0.61129
"2021","Aeshna_isoceles",0.47299,0.33764,0.59636
"2022","Aeshna_isoceles",0.69388,0.54747,0.82178
"2023","Aeshna_isoceles",0.78734,0.63063,0.92656
"clc_artificial_prop","Aeshna_isoceles",0.54836,0.43822,0.66642
"clc_agriculture_prop","Aeshna_isoceles",-0.33969,-0.49263,-0.18978
"clc_forest_prop","Aeshna_isoceles",-1.28049,-1.46382,-1.09944
"clc_vegetation_prop","Aeshna_isoceles",-0.61176,-0.82112,-0.39263
"clc_bare_prop","Aeshna_isoceles",1.44067,1.15914,1.72833
"clc_coastal_wetland_prop","Aeshna_isoceles",0.03597,-0.08793,0.1589
"clc_wetland_prop","Aeshna_isoceles",0.07862,-0.12764,0.26698
"clc_river_prop","Aeshna_isoceles",0.12908,0.03833,0.21998
"bio10_temp_warmQ_dC","Aeshna_isoceles",2.38611,2.01658,2.71571
"bio12_annual_prec_mm","Aeshna_isoceles",0.14675,-0.11072,0.39557
"bio4_sd_temp","Aeshna_isoceles",0.9368,0.66175,1.17175
"bio10_temp_warmQ_dC2","Aeshna_isoceles",-1.43478,-1.67428,-1.18711
"bio12_annual_prec_mm2","Aeshna_isoceles",0.0763,-0.04387,0.17874
"bio4_sd_temp2","Aeshna_isoceles",-0.9854,-1.1987,-0.78238
"2000","Aeshna_juncea",0.58392,0.39445,0.82472
"2001","Aeshna_juncea",0.83239,0.63755,1.07955
"2002","Aeshna_juncea",0.78379,0.60331,0.98957
"2003","Aeshna_juncea",0.78254,0.60465,1.00681
"2004","Aeshna_juncea",0.34491,0.19335,0.50509
"2005","Aeshna_juncea",0.62175,0.47135,0.80663
"2006","Aeshna_juncea",0.37802,0.25304,0.51664
"2007","Aeshna_juncea",0.37177,0.19462,0.59278
"2008","Aeshna_juncea",0.34878,0.20967,0.53308
"2009","Aeshna_juncea",0.50305,0.40011,0.61546
"2010","Aeshna_juncea",0.36515,0.26032,0.4784
"2011","Aeshna_juncea",0.23229,0.1116,0.39688
"2012","Aeshna_juncea",0.2633,0.14824,0.35829
"2013","Aeshna_juncea",0.34497,0.21923,0.4564
"2014","Aeshna_juncea",0.07672,-0.02952,0.18612
"2015","Aeshna_juncea",0.00659,-0.12185,0.11557
"2016","Aeshna_juncea",-0.08217,-0.20412,0.0243
"2017","Aeshna_juncea",-0.45574,-0.59306,-0.34143
"2018","Aeshna_juncea",-0.37625,-0.49765,-0.23243
"2019","Aeshna_juncea",-0.73407,-0.9658,-0.56317
"2020","Aeshna_juncea",-0.95402,-1.11551,-0.82086
"2021","Aeshna_juncea",-0.91204,-1.14198,-0.72692
"2022","Aeshna_juncea",-0.91983,-1.09147,-0.77851
"2023","Aeshna_juncea",-1.31798,-1.51189,-1.15979
"clc_artificial_prop","Aeshna_juncea",0.09535,0.01165,0.18275
"clc_agriculture_prop","Aeshna_juncea",-0.12573,-0.24757,0.02245
"clc_forest_prop","Aeshna_juncea",0.2386,0.10432,0.40945
"clc_vegetation_prop","Aeshna_juncea",0.39892,0.21633,0.59821
"clc_bare_prop","Aeshna_juncea",-0.63521,-1.10464,-0.29354
"clc_coastal_wetland_prop","Aeshna_juncea",-0.17098,-0.28996,-0.06511
"clc_wetland_prop","Aeshna_juncea",0.34721,0.21673,0.49666
"clc_river_prop","Aeshna_juncea",-0.12712,-0.23885,-0.03056
"bio10_temp_warmQ_dC","Aeshna_juncea",-7.55766,-8.41166,-6.78325
"bio12_annual_prec_mm","Aeshna_juncea",1.23796,1.03457,1.48402
"bio4_sd_temp","Aeshna_juncea",0.96809,0.722,1.27015
"bio10_temp_warmQ_dC2","Aeshna_juncea",1.22461,0.47274,2.05716
"bio12_annual_prec_mm2","Aeshna_juncea",-0.24807,-0.30893,-0.17545
"bio4_sd_temp2","Aeshna_juncea",0.12832,0.01386,0.27984
"2000","Aeshna_mixta",-0.10382,-0.20245,0.21505
"2001","Aeshna_mixta",-0.17189,-0.33268,-0.07582
"2002","Aeshna_mixta",-0.14614,-0.3684,-0.05601
"2003","Aeshna_mixta",0.02438,-0.05158,0.24137
"2004","Aeshna_mixta",0.04381,-0.1176,0.12089
"2005","Aeshna_mixta",-0.04232,-0.16193,0.03412
"2006","Aeshna_mixta",0.03553,-0.03169,0.21427
"2007","Aeshna_mixta",-0.07688,-0.13566,0.15432
"2008","Aeshna_mixta",-0.18746,-0.41145,-0.12659
"2009","Aeshna_mixta",-0.1115,-0.23749,-0.05688
"2010","Aeshna_mixta",0.06394,-0.05327,0.11075
"2011","Aeshna_mixta",-0.13117,-0.17611,-0.05961
"2012","Aeshna_mixta",0.09556,-0.06451,0.14173
"2013","Aeshna_mixta",0.25544,0.16711,0.29993
"2014","Aeshna_mixta",0.11232,0.06947,0.24441
"2015","Aeshna_mixta",-0.03565,-0.12819,0.00854
"2016","Aeshna_mixta",0.22612,0.15977,0.26809
"2017","Aeshna_mixta",0.06116,0.01576,0.1165
"2018","Aeshna_mixta",0.16144,0.11927,0.37633
"2019","Aeshna_mixta",0.00088,-0.12187,0.04539
"2020","Aeshna_mixta",-0.12715,-0.23064,-0.08335
"2021","Aeshna_mixta",0.14601,0.008,0.18773
"2022","Aeshna_mixta",-0.05085,-0.1065,-0.00176
"2023","Aeshna_mixta",0.00693,-0.05669,0.05136
"clc_artificial_prop","Aeshna_mixta",0.2624,0.23255,0.45802
"clc_agriculture_prop","Aeshna_mixta",0.15458,0.1111,0.3304
"clc_forest_prop","Aeshna_mixta",-0.40329,-0.78882,-0.34908
"clc_vegetation_prop","Aeshna_mixta",-0.27213,-0.50198,-0.2128
"clc_bare_prop","Aeshna_mixta",0.24047,0.15493,0.39414
"clc_coastal_wetland_prop","Aeshna_mixta",0.17065,0.13501,0.28995
"clc_wetland_prop","Aeshna_mixta",-0.1584,-0.25583,-0.10638
"clc_river_prop","Aeshna_mixta",0.01994,-0.01169,0.15292
"bio10_temp_warmQ_dC","Aeshna_mixta",0.17978,0.07145,0.27144
"bio12_annual_prec_mm","Aeshna_mixta",-0.51312,-0.94177,-0.4354
"bio4_sd_temp","Aeshna_mixta",-0.34518,-0.67203,-0.26843
"bio10_temp_warmQ_dC2","Aeshna_mixta",-0.47648,-0.9363,-0.40893
"bio12_annual_prec_mm2","Aeshna_mixta",0.05848,0.02103,0.12958
"bio4_sd_temp2","Aeshna_mixta",-0.2597,-0.64681,-0.20506
"2000","Aeshna_serrata",-2.72786,-7.01038,0.33145
"2001","Aeshna_serrata",-1.59408,-4.74758,0.85878
"2002","Aeshna_serrata",-1.8879,-5.27539,0.82773
"2003","Aeshna_serrata",0.18488,-2.37887,2.2274
"2004","Aeshna_serrata",0.70205,-1.3853,2.48465
"2005","Aeshna_serrata",-0.09336,-2.21493,1.74695
"2006","Aeshna_serrata",0.56704,-0.60756,1.61185
"2007","Aeshna_serrata",0.97299,0.13471,1.82257
"2008","Aeshna_serrata",1.04903,0.17496,1.93956
"2009","Aeshna_serrata",0.55894,-0.18218,1.32055
"2010","Aeshna_serrata",0.9704,0.17243,1.74985
"2011","Aeshna_serrata",1.18386,0.41685,1.9493
"2012","Aeshna_serrata",1.17054,0.46725,1.87306
"2013","Aeshna_serrata",1.36992,0.65129,2.08296
"2014","Aeshna_serrata",0.19436,-0.824,1.11347
"2015","Aeshna_serrata",-0.1468,-1.10771,0.78431
"2016","Aeshna_serrata",0.50421,-0.32269,1.28715
"2017","Aeshna_serrata",0.73664,-0.02003,1.52556
"2018","Aeshna_serrata",0.66158,-0.07705,1.37124
"2019","Aeshna_serrata",0.21605,-0.47652,0.89436
"2020","Aeshna_serrata",-0.37536,-1.09385,0.32813
"2021","Aeshna_serrata",-0.4608,-1.10853,0.2175
"2022","Aeshna_serrata",-0.48452,-1.19504,0.18027
"2023","Aeshna_serrata",-1.4067,-2.37472,-0.55997
"clc_artificial_prop","Aeshna_serrata",0.49446,0.13487,0.89479
"clc_agriculture_prop","Aeshna_serrata",-0.47855,-1.18331,0.32564
"clc_forest_prop","Aeshna_serrata",0.06013,-0.4763,0.65357
"clc_vegetation_prop","Aeshna_serrata",0.28249,-0.90007,1.37409
"clc_bare_prop","Aeshna_serrata",-0.51763,-2.23166,0.62833
"clc_coastal_wetland_prop","Aeshna_serrata",0.85008,0.30793,1.30034
"clc_wetland_prop","Aeshna_serrata",0.20315,-0.15486,0.55866
"clc_river_prop","Aeshna_serrata",-0.78408,-1.72101,-0.06204
"bio10_temp_warmQ_dC","Aeshna_serrata",-9.67808,-12.60679,-6.82971
"bio12_annual_prec_mm","Aeshna_serrata",-6.02043,-7.71303,-4.69136
"bio4_sd_temp","Aeshna_serrata",6.53534,4.82612,8.40166
"bio10_temp_warmQ_dC2","Aeshna_serrata",-7.8149,-10.92183,-5.09821
"bio12_annual_prec_mm2","Aeshna_serrata",0.68771,-0.49332,1.18452
"bio4_sd_temp2","Aeshna_serrata",-4.50803,-5.74686,-3.33008
"2000","Aeshna_subarctica",-0.26733,-0.9804,0.47058
"2001","Aeshna_subarctica",0.03474,-0.67317,0.68351
"2002","Aeshna_subarctica",0.53154,-0.10223,1.2214
"2003","Aeshna_subarctica",-0.04236,-0.6915,0.64667
"2004","Aeshna_subarctica",0.03047,-0.55916,0.56668
"2005","Aeshna_subarctica",0.58181,0.10822,1.11059
"2006","Aeshna_subarctica",0.5884,0.15935,1.09648
"2007","Aeshna_subarctica",-0.03611,-0.48025,0.4524
"2008","Aeshna_subarctica",0.36047,-0.03009,0.82917
"2009","Aeshna_subarctica",0.49235,0.18079,0.84288
"2010","Aeshna_subarctica",0.50727,0.18753,0.8565
"2011","Aeshna_subarctica",0.01559,-0.29952,0.40667
"2012","Aeshna_subarctica",0.14193,-0.28982,0.49333
"2013","Aeshna_subarctica",0.40015,0.08496,0.70685
"2014","Aeshna_subarctica",0.24929,-0.09875,0.62286
"2015","Aeshna_subarctica",0.61434,0.3135,0.92045
"2016","Aeshna_subarctica",0.21459,-0.13646,0.51918
"2017","Aeshna_subarctica",-0.28347,-0.68245,0.05919
"2018","Aeshna_subarctica",-0.08011,-0.38108,0.30286
"2019","Aeshna_subarctica",-0.77074,-1.24866,-0.36316
"2020","Aeshna_subarctica",-0.13371,-0.44348,0.16542
"2021","Aeshna_subarctica",-0.77518,-1.16969,-0.42323
"2022","Aeshna_subarctica",-0.67464,-1.05209,-0.30705
"2023","Aeshna_subarctica",-1.07411,-1.54522,-0.69775
"clc_artificial_prop","Aeshna_subarctica",-0.00327,-0.32669,0.32906
"clc_agriculture_prop","Aeshna_subarctica",1.29488,0.7601,1.94502
"clc_forest_prop","Aeshna_subarctica",1.29864,0.83379,1.95808
"clc_vegetation_prop","Aeshna_subarctica",-1.21765,-1.99903,-0.6178
"clc_bare_prop","Aeshna_subarctica",-1.23784,-1.90163,-0.72425
"clc_coastal_wetland_prop","Aeshna_subarctica",-0.55658,-1.6238,0.20643
"clc_wetland_prop","Aeshna_subarctica",0.63539,0.31581,1.04857
"clc_river_prop","Aeshna_subarctica",-0.16182,-0.48483,0.10475
"bio10_temp_warmQ_dC","Aeshna_subarctica",-7.90956,-9.86814,-6.38691
"bio12_annual_prec_mm","Aeshna_subarctica",0.47995,0.00238,0.91277
"bio4_sd_temp","Aeshna_subarctica",3.44778,2.77099,4.39264
"bio10_temp_warmQ_dC2","Aeshna_subarctica",-1.1659,-1.99478,-0.30075
"bio12_annual_prec_mm2","Aeshna_subarctica",0.03191,-0.09062,0.17481
"bio4_sd_temp2","Aeshna_subarctica",-0.93285,-1.31512,-0.61579
"2000","Aeshna_viridis",-0.23106,-0.91599,0.42417
"2001","Aeshna_viridis",-0.32694,-0.94057,0.33184
"2002","Aeshna_viridis",-0.20494,-0.84951,0.39387
"2003","Aeshna_viridis",-0.54869,-1.14042,0.04238
"2004","Aeshna_viridis",0.73201,0.27875,1.21321
"2005","Aeshna_viridis",0.20723,-0.24099,0.70315
"2006","Aeshna_viridis",0.13768,-0.30161,0.55818
"2007","Aeshna_viridis",-0.08211,-0.46993,0.30097
"2008","Aeshna_viridis",0.37646,-0.00508,0.75585
"2009","Aeshna_viridis",-0.28796,-0.63368,0.05517
"2010","Aeshna_viridis",-0.07799,-0.41133,0.25858
"2011","Aeshna_viridis",0.84015,0.53133,1.14973
"2012","Aeshna_viridis",0.68334,0.36763,1.01256
"2013","Aeshna_viridis",0.38822,0.07775,0.71437
"2014","Aeshna_viridis",0.91299,0.56833,1.2522
"2015","Aeshna_viridis",0.33629,0.00669,0.66564
"2016","Aeshna_viridis",0.48103,0.1207,0.82749
"2017","Aeshna_viridis",0.37048,0.02677,0.71418
"2018","Aeshna_viridis",0.26646,-0.05777,0.58936
"2019","Aeshna_viridis",0.63276,0.33858,0.97977
"2020","Aeshna_viridis",-0.8868,-1.2685,-0.54082
"2021","Aeshna_viridis",-0.70823,-1.07061,-0.38176
"2022","Aeshna_viridis",-0.87142,-1.24338,-0.51763
"2023","Aeshna_viridis",-1.03218,-1.42673,-0.65308
"clc_artificial_prop","Aeshna_viridis",0.25381,-0.0104,0.517
"clc_agriculture_prop","Aeshna_viridis",0.66141,0.27026,1.10304
"clc_forest_prop","Aeshna_viridis",-1.7476,-2.19118,-1.29608
"clc_vegetation_prop","Aeshna_viridis",0.24692,-0.58767,1.10781
"clc_bare_prop","Aeshna_viridis",-0.35179,-1.61376,0.64785
"clc_coastal_wetland_prop","Aeshna_viridis",0.37378,0.11416,0.61999
"clc_wetland_prop","Aeshna_viridis",0.52504,0.22712,0.83757
"clc_river_prop","Aeshna_viridis",0.07643,-0.14221,0.24731
"bio10_temp_warmQ_dC","Aeshna_viridis",-11.03306,-12.98638,-9.29686
"bio12_annual_prec_mm","Aeshna_viridis",-4.03274,-5.59971,-2.63908
"bio4_sd_temp","Aeshna_viridis",3.52845,2.78395,4.30328
"bio10_temp_warmQ_dC2","Aeshna_viridis",-10.16097,-12.30919,-8.16601
"bio12_annual_prec_mm2","Aeshna_viridis",-4.21112,-6.23006,-2.41485
"bio4_sd_temp2","Aeshna_viridis",-2.50244,-2.99585,-2.06135
"2000","Anax_ephippiger",0.05374,-0.33935,0.42015
"2001","Anax_ephippiger",-1.35961,-1.98909,-0.81002
"2002","Anax_ephippiger",-1.20417,-1.74386,-0.66937
"2003","Anax_ephippiger",-0.8973,-1.37354,-0.44163
"2004","Anax_ephippiger",-0.94509,-1.36946,-0.51716
"2005","Anax_ephippiger",-1.16357,-1.61122,-0.72984
"2006","Anax_ephippiger",-0.90379,-1.30692,-0.54188
"2007","Anax_ephippiger",-0.36032,-0.65808,-0.08404
"2008","Anax_ephippiger",0.01794,-0.23666,0.26781
"2009","Anax_ephippiger",-0.19477,-0.45849,0.05855
"2010","Anax_ephippiger",-0.49314,-0.75985,-0.25534
"2011","Anax_ephippiger",1.90045,1.76896,2.03134
"2012","Anax_ephippiger",-0.43778,-0.65073,-0.22651
"2013","Anax_ephippiger",0.32748,0.16014,0.49151
"2014","Anax_ephippiger",-0.09596,-0.28474,0.09563
"2015","Anax_ephippiger",0.22131,0.06637,0.37571
"2016","Anax_ephippiger",0.35098,0.20322,0.50575
"2017","Anax_ephippiger",0.712,0.5701,0.83793
"2018","Anax_ephippiger",0.23259,0.07637,0.37328
"2019","Anax_ephippiger",1.93231,1.8147,2.04408
"2020","Anax_ephippiger",0.10457,-0.04016,0.24692
"2021","Anax_ephippiger",0.54691,0.41341,0.68504
"2022","Anax_ephippiger",-0.02474,-0.18559,0.13252
"2023","Anax_ephippiger",1.87955,1.74576,2.06061
"clc_artificial_prop","Anax_ephippiger",-0.00347,-0.05863,0.04916
"clc_agriculture_prop","Anax_ephippiger",-0.40475,-0.49531,-0.3239
"clc_forest_prop","Anax_ephippiger",-0.35851,-0.45645,-0.26464
"clc_vegetation_prop","Anax_ephippiger",0.19447,0.10065,0.29468
"clc_bare_prop","Anax_ephippiger",0.69096,0.54083,0.86093
"clc_coastal_wetland_prop","Anax_ephippiger",0.12174,0.07273,0.17336
"clc_wetland_prop","Anax_ephippiger",-0.28025,-0.41172,-0.15343
"clc_river_prop","Anax_ephippiger",0.03824,-0.00157,0.07887
"bio10_temp_warmQ_dC","Anax_ephippiger",2.44153,2.2497,2.64658
"bio12_annual_prec_mm","Anax_ephippiger",0.61746,0.47086,0.76242
"bio4_sd_temp","Anax_ephippiger",-0.06627,-0.20781,0.07245
"bio10_temp_warmQ_dC2","Anax_ephippiger",-0.22077,-0.33003,-0.10606
"bio12_annual_prec_mm2","Anax_ephippiger",-0.34903,-0.45091,-0.24669
"bio4_sd_temp2","Anax_ephippiger",0.49068,0.38917,0.61641
"2000","Anax_imperator",0.71541,0.5438,0.90019
"2001","Anax_imperator",0.16745,0.00821,0.33129
"2002","Anax_imperator",0.18069,0.02909,0.32811
"2003","Anax_imperator",0.58306,0.44313,0.73402
"2004","Anax_imperator",0.28971,0.15843,0.4343
"2005","Anax_imperator",0.32048,0.19225,0.44501
"2006","Anax_imperator",0.24969,0.13584,0.36965
"2007","Anax_imperator",0.48229,0.36764,0.60112
"2008","Anax_imperator",-0.0459,-0.14852,0.05498
"2009","Anax_imperator",-0.01179,-0.09858,0.082
"2010","Anax_imperator",-0.1521,-0.23721,-0.06979
"2011","Anax_imperator",-0.08383,-0.16594,-0.0044
"2012","Anax_imperator",-0.39616,-0.46835,-0.32479
"2013","Anax_imperator",-0.41512,-0.48795,-0.33736
"2014","Anax_imperator",-0.21786,-0.29579,-0.14147
"2015","Anax_imperator",-0.04944,-0.12779,0.0236
"2016","Anax_imperator",-0.46018,-0.53263,-0.38647
"2017","Anax_imperator",-0.2374,-0.31511,-0.16614
"2018","Anax_imperator",-0.00232,-0.07602,0.07261
"2019","Anax_imperator",-0.13917,-0.21283,-0.06002
"2020","Anax_imperator",-0.30068,-0.3752,-0.22759
"2021","Anax_imperator",-0.3673,-0.44499,-0.28742
"2022","Anax_imperator",0.04279,-0.04295,0.12277
"2023","Anax_imperator",-0.04321,-0.12824,0.03974
"clc_artificial_prop","Anax_imperator",0.14549,0.08373,0.21157
"clc_agriculture_prop","Anax_imperator",0.17126,0.09075,0.25089
"clc_forest_prop","Anax_imperator",-0.65137,-0.73765,-0.55535
"clc_vegetation_prop","Anax_imperator",-0.18589,-0.28998,-0.08655
"clc_bare_prop","Anax_imperator",1.4993,1.3536,1.64976
"clc_coastal_wetland_prop","Anax_imperator",-0.02767,-0.08975,0.03752
"clc_wetland_prop","Anax_imperator",-0.88787,-0.98946,-0.79842
"clc_river_prop","Anax_imperator",-0.06201,-0.1138,-0.00725
"bio10_temp_warmQ_dC","Anax_imperator",2.60492,2.45197,2.76598
"bio12_annual_prec_mm","Anax_imperator",0.95603,0.83998,1.08987
"bio4_sd_temp","Anax_imperator",-1.19203,-1.33248,-1.06287
"bio10_temp_warmQ_dC2","Anax_imperator",-1.21513,-1.3139,-1.11415
"bio12_annual_prec_mm2","Anax_imperator",-0.3118,-0.37252,-0.25275
"bio4_sd_temp2","Anax_imperator",-0.64848,-0.74528,-0.55188
"2000","Anax_parthenope",-0.69487,-0.95236,-0.45005
"2001","Anax_parthenope",-1.18298,-1.45276,-0.92853
"2002","Anax_parthenope",-1.00948,-1.25397,-0.77228
"2003","Anax_parthenope",0.04153,-0.13759,0.22554
"2004","Anax_parthenope",-0.8364,-1.04298,-0.62157
"2005","Anax_parthenope",-0.25625,-0.43168,-0.0793
"2006","Anax_parthenope",-0.12505,-0.28951,0.03151
"2007","Anax_parthenope",-0.1915,-0.34266,-0.03606
"2008","Anax_parthenope",-0.50311,-0.65518,-0.34909
"2009","Anax_parthenope",-0.30004,-0.42716,-0.16317
"2010","Anax_parthenope",-0.13755,-0.25074,-0.01979
"2011","Anax_parthenope",-0.12641,-0.23325,-0.02535
"2012","Anax_parthenope",-0.09937,-0.20092,-0.00232
"2013","Anax_parthenope",-0.07404,-0.16621,0.01951
"2014","Anax_parthenope",0.22604,0.13293,0.31597
"2015","Anax_parthenope",0.35375,0.26849,0.434
"2016","Anax_parthenope",0.07187,-0.01378,0.1553
"2017","Anax_parthenope",0.47968,0.39107,0.56277
"2018","Anax_parthenope",0.5142,0.42927,0.59121
"2019","Anax_parthenope",0.69123,0.60719,0.77568
"2020","Anax_parthenope",0.42241,0.33305,0.50338
"2021","Anax_parthenope",0.56328,0.47632,0.651
"2022","Anax_parthenope",0.70745,0.61343,0.7981
"2023","Anax_parthenope",0.75235,0.65888,0.84749
"clc_artificial_prop","Anax_parthenope",0.20032,0.14495,0.25712
"clc_agriculture_prop","Anax_parthenope",-0.29435,-0.39136,-0.21619
"clc_forest_prop","Anax_parthenope",-0.33705,-0.43666,-0.24539
"clc_vegetation_prop","Anax_parthenope",-0.35524,-0.46304,-0.24736
"clc_bare_prop","Anax_parthenope",1.08319,0.9286,1.25068
"clc_coastal_wetland_prop","Anax_parthenope",-0.00759,-0.07455,0.05864
"clc_wetland_prop","Anax_parthenope",-0.34974,-0.47487,-0.21969
"clc_river_prop","Anax_parthenope",0.05914,0.01119,0.11138
"bio10_temp_warmQ_dC","Anax_parthenope",2.98315,2.81008,3.17263
"bio12_annual_prec_mm","Anax_parthenope",-0.25212,-0.39006,-0.13017
"bio4_sd_temp","Anax_parthenope",-0.01262,-0.15896,0.12715
"bio10_temp_warmQ_dC2","Anax_parthenope",-0.27149,-0.39873,-0.1529
"bio12_annual_prec_mm2","Anax_parthenope",0.12626,0.06514,0.18316
"bio4_sd_temp2","Anax_parthenope",-0.27001,-0.37179,-0.16965
"2000","Boyeria_irene",0.41732,0.06957,0.76544
"2001","Boyeria_irene",0.35876,-0.02831,0.74175
"2002","Boyeria_irene",1.50228,1.17255,1.80166
"2003","Boyeria_irene",1.07767,0.80012,1.38239
"2004","Boyeria_irene",0.90628,0.61863,1.17044
"2005","Boyeria_irene",0.75935,0.50408,1.02744
"2006","Boyeria_irene",0.4223,0.15157,0.71494
"2007","Boyeria_irene",0.28145,0.03303,0.5274
"2008","Boyeria_irene",0.54675,0.32836,0.78453
"2009","Boyeria_irene",0.49611,0.30395,0.70214
"2010","Boyeria_irene",0.03447,-0.12628,0.21238
"2011","Boyeria_irene",-0.13975,-0.31015,0.01767
"2012","Boyeria_irene",0.10459,-0.02762,0.2454
"2013","Boyeria_irene",-0.15741,-0.28828,-0.02668
"2014","Boyeria_irene",-0.22355,-0.36282,-0.08856
"2015","Boyeria_irene",-0.14052,-0.27337,-0.00716
"2016","Boyeria_irene",-0.40233,-0.52495,-0.28151
"2017","Boyeria_irene",-0.39564,-0.51743,-0.2672
"2018","Boyeria_irene",-0.38613,-0.50747,-0.26031
"2019","Boyeria_irene",-0.65636,-0.78414,-0.51727
"2020","Boyeria_irene",-0.67474,-0.8,-0.54768
"2021","Boyeria_irene",-0.94699,-1.08112,-0.80361
"2022","Boyeria_irene",-0.86338,-1.00701,-0.72392
"2023","Boyeria_irene",-0.85651,-1.01277,-0.70786
"clc_artificial_prop","Boyeria_irene",-1.01074,-1.16999,-0.85449
"clc_agriculture_prop","Boyeria_irene",0.47791,0.25117,0.72393
"clc_forest_prop","Boyeria_irene",1.03498,0.81936,1.25605
"clc_vegetation_prop","Boyeria_irene",1.6282,1.41912,1.83503
"clc_bare_prop","Boyeria_irene",0.56623,0.23641,0.91277
"clc_coastal_wetland_prop","Boyeria_irene",-0.55069,-0.77743,-0.35629
"clc_wetland_prop","Boyeria_irene",-2.09265,-2.70705,-1.50782
"clc_river_prop","Boyeria_irene",-0.04705,-0.1917,0.07484
"bio10_temp_warmQ_dC","Boyeria_irene",7.29581,6.85445,7.73468
"bio12_annual_prec_mm","Boyeria_irene",2.16774,1.90891,2.43621
"bio4_sd_temp","Boyeria_irene",-2.78552,-3.15244,-2.42357
"bio10_temp_warmQ_dC2","Boyeria_irene",-2.93654,-3.18964,-2.69287
"bio12_annual_prec_mm2","Boyeria_irene",-0.76385,-0.93963,-0.60809
"bio4_sd_temp2","Boyeria_irene",-1.07308,-1.31099,-0.83935
"2000","Brachythemis_impartita",1.45191,0.11449,2.77999
"2001","Brachythemis_impartita",1.21402,-0.12335,2.49582
"2002","Brachythemis_impartita",-0.55908,-2.3792,1.00055
"2003","Brachythemis_impartita",-0.89131,-2.83867,0.79193
"2004","Brachythemis_impartita",-1.70523,-3.34602,-0.32922
"2005","Brachythemis_impartita",-0.19934,-1.2743,0.92063
"2006","Brachythemis_impartita",0.59195,-0.455,1.53969
"2007","Brachythemis_impartita",1.26225,0.7326,1.85766
"2008","Brachythemis_impartita",-0.07775,-0.86131,0.65658
"2009","Brachythemis_impartita",-0.55372,-1.32783,0.16835
"2010","Brachythemis_impartita",-0.55397,-1.2116,0.0667
"2011","Brachythemis_impartita",0.00406,-0.52922,0.53566
"2012","Brachythemis_impartita",-0.13726,-0.68968,0.3997
"2013","Brachythemis_impartita",0.13078,-0.35813,0.60705
"2014","Brachythemis_impartita",0.42869,-0.00508,0.87062
"2015","Brachythemis_impartita",-0.48406,-0.9651,-0.00365
"2016","Brachythemis_impartita",0.09981,-0.32603,0.53762
"2017","Brachythemis_impartita",0.15456,-0.22941,0.56989
"2018","Brachythemis_impartita",-0.43337,-0.82597,-0.01874
"2019","Brachythemis_impartita",-0.31913,-0.78882,0.14946
"2020","Brachythemis_impartita",0.21749,-0.22115,0.65483
"2021","Brachythemis_impartita",-0.18745,-0.62186,0.24021
"2022","Brachythemis_impartita",0.48344,0.06246,0.90376
"2023","Brachythemis_impartita",0.12998,-0.2581,0.54793
"clc_artificial_prop","Brachythemis_impartita",-1.35044,-1.68668,-1.0405
"clc_agriculture_prop","Brachythemis_impartita",0.56377,0.21593,0.94901
"clc_forest_prop","Brachythemis_impartita",-0.35252,-0.84034,0.09458
"clc_vegetation_prop","Brachythemis_impartita",0.38813,0.04366,0.74006
"clc_bare_prop","Brachythemis_impartita",-0.20562,-0.84907,0.40286
"clc_coastal_wetland_prop","Brachythemis_impartita",-0.38237,-0.72052,-0.08294
"clc_wetland_prop","Brachythemis_impartita",1.2202,0.54092,1.78994
"clc_river_prop","Brachythemis_impartita",0.15204,-0.12959,0.35884
"bio10_temp_warmQ_dC","Brachythemis_impartita",10.15708,8.28313,12.12976
"bio12_annual_prec_mm","Brachythemis_impartita",-0.07893,-0.92214,0.7323
"bio4_sd_temp","Brachythemis_impartita",-3.82545,-4.55879,-3.11193
"bio10_temp_warmQ_dC2","Brachythemis_impartita",-0.6662,-1.32873,0.00589
"bio12_annual_prec_mm2","Brachythemis_impartita",-1.4046,-2.16067,-0.75552
"bio4_sd_temp2","Brachythemis_impartita",0.25352,-0.21403,0.71019
"2000","Brachytron_pratense",0.28285,0.05258,0.52529
"2001","Brachytron_pratense",0.19186,-0.05315,0.43385
"2002","Brachytron_pratense",0.10959,-0.11284,0.33165
"2003","Brachytron_pratense",-0.06509,-0.27363,0.14571
"2004","Brachytron_pratense",-0.13779,-0.34641,0.07797
"2005","Brachytron_pratense",-0.33204,-0.52611,-0.1498
"2006","Brachytron_pratense",-0.47651,-0.65688,-0.29112
"2007","Brachytron_pratense",-0.42747,-0.58214,-0.26795
"2008","Brachytron_pratense",0.02114,-0.12305,0.17126
"2009","Brachytron_pratense",0.2013,0.06994,0.32988
"2010","Brachytron_pratense",0.25367,0.11599,0.3942
"2011","Brachytron_pratense",0.11826,0.00818,0.22183
"2012","Brachytron_pratense",-0.00468,-0.11322,0.11083
"2013","Brachytron_pratense",0.38049,0.25092,0.51315
"2014","Brachytron_pratense",0.35697,0.24318,0.47917
"2015","Brachytron_pratense",0.15397,0.0389,0.26302
"2016","Brachytron_pratense",-0.03762,-0.14902,0.08354
"2017","Brachytron_pratense",-0.14503,-0.26138,-0.03391
"2018","Brachytron_pratense",0.09593,-0.00453,0.20369
"2019","Brachytron_pratense",-0.08067,-0.18772,0.03785
"2020","Brachytron_pratense",-0.17326,-0.27918,-0.06636
"2021","Brachytron_pratense",0.02339,-0.1088,0.14428
"2022","Brachytron_pratense",-0.10996,-0.2353,0.01046
"2023","Brachytron_pratense",0.05721,-0.07485,0.18232
"clc_artificial_prop","Brachytron_pratense",0.07308,-0.02325,0.16647
"clc_agriculture_prop","Brachytron_pratense",-0.30733,-0.45408,-0.14568
"clc_forest_prop","Brachytron_pratense",-0.09077,-0.26709,0.06727
"clc_vegetation_prop","Brachytron_pratense",-1.38551,-1.63452,-1.1432
"clc_bare_prop","Brachytron_pratense",0.65045,0.25765,0.99341
"clc_coastal_wetland_prop","Brachytron_pratense",0.15388,0.03786,0.26707
"clc_wetland_prop","Brachytron_pratense",0.7834,0.63558,0.95556
"clc_river_prop","Brachytron_pratense",0.13079,0.04758,0.21331
"bio10_temp_warmQ_dC","Brachytron_pratense",0.06644,-0.24565,0.39085
"bio12_annual_prec_mm","Brachytron_pratense",-1.61697,-1.86423,-1.39367
"bio4_sd_temp","Brachytron_pratense",-0.67946,-0.88602,-0.44766
"bio10_temp_warmQ_dC2","Brachytron_pratense",-1.98408,-2.27002,-1.72932
"bio12_annual_prec_mm2","Brachytron_pratense",0.34623,0.24169,0.44597
"bio4_sd_temp2","Brachytron_pratense",-0.12531,-0.26925,0.01525
"2000","Calopteryx_haemorrhoidalis",0.18222,-0.18225,0.54428
"2001","Calopteryx_haemorrhoidalis",0.02765,-0.36776,0.39632
"2002","Calopteryx_haemorrhoidalis",0.32577,-0.06116,0.67632
"2003","Calopteryx_haemorrhoidalis",0.46899,0.1125,0.7679
"2004","Calopteryx_haemorrhoidalis",0.71183,0.42559,1.01032
"2005","Calopteryx_haemorrhoidalis",0.14342,-0.15465,0.4374
"2006","Calopteryx_haemorrhoidalis",0.12766,-0.17702,0.45795
"2007","Calopteryx_haemorrhoidalis",-0.23268,-0.52409,0.06261
"2008","Calopteryx_haemorrhoidalis",-0.08687,-0.36582,0.20167
"2009","Calopteryx_haemorrhoidalis",0.01728,-0.24195,0.2784
"2010","Calopteryx_haemorrhoidalis",-0.3076,-0.51244,-0.11324
"2011","Calopteryx_haemorrhoidalis",-0.10288,-0.27489,0.05694
"2012","Calopteryx_haemorrhoidalis",-0.0641,-0.21566,0.08701
"2013","Calopteryx_haemorrhoidalis",-0.00383,-0.15456,0.14261
"2014","Calopteryx_haemorrhoidalis",-0.01717,-0.15448,0.12438
"2015","Calopteryx_haemorrhoidalis",-0.00985,-0.14808,0.13289
"2016","Calopteryx_haemorrhoidalis",-0.20763,-0.35066,-0.06383
"2017","Calopteryx_haemorrhoidalis",-0.413,-0.55267,-0.2705
"2018","Calopteryx_haemorrhoidalis",-0.18792,-0.32401,-0.05537
"2019","Calopteryx_haemorrhoidalis",-0.19462,-0.34965,-0.04818
"2020","Calopteryx_haemorrhoidalis",-0.06492,-0.21375,0.08586
"2021","Calopteryx_haemorrhoidalis",0.09442,-0.05825,0.24982
"2022","Calopteryx_haemorrhoidalis",-0.20452,-0.36748,-0.04664
"2023","Calopteryx_haemorrhoidalis",-0.01252,-0.17979,0.15703
"clc_artificial_prop","Calopteryx_haemorrhoidalis",-0.62484,-0.82758,-0.42733
"clc_agriculture_prop","Calopteryx_haemorrhoidalis",-0.23427,-0.64464,0.14243
"clc_forest_prop","Calopteryx_haemorrhoidalis",1.68977,1.33879,2.05248
"clc_vegetation_prop","Calopteryx_haemorrhoidalis",1.67518,1.33326,2.03406
"clc_bare_prop","Calopteryx_haemorrhoidalis",1.96648,1.18206,2.7441
"clc_coastal_wetland_prop","Calopteryx_haemorrhoidalis",-0.76577,-1.04962,-0.5224
"clc_wetland_prop","Calopteryx_haemorrhoidalis",-3.21115,-4.2204,-2.25334
"clc_river_prop","Calopteryx_haemorrhoidalis",-0.48316,-0.71038,-0.26697
"bio10_temp_warmQ_dC","Calopteryx_haemorrhoidalis",15.49562,14.47085,16.48838
"bio12_annual_prec_mm","Calopteryx_haemorrhoidalis",0.84727,0.46894,1.22707
"bio4_sd_temp","Calopteryx_haemorrhoidalis",-2.37187,-2.80884,-1.93047
"bio10_temp_warmQ_dC2","Calopteryx_haemorrhoidalis",-4.54075,-4.9712,-4.07351
"bio12_annual_prec_mm2","Calopteryx_haemorrhoidalis",-0.22459,-0.48662,0.01259
"bio4_sd_temp2","Calopteryx_haemorrhoidalis",-0.76134,-1.06872,-0.45786
"2000","Calopteryx_splendens",0.09855,-0.04009,0.21138
"2001","Calopteryx_splendens",0.08569,-0.04982,0.2178
"2002","Calopteryx_splendens",0.28608,0.14913,0.38452
"2003","Calopteryx_splendens",0.25841,0.15234,0.36129
"2004","Calopteryx_splendens",0.20837,0.09281,0.30427
"2005","Calopteryx_splendens",-0.01268,-0.12941,0.06542
"2006","Calopteryx_splendens",0.1384,0.06462,0.25108
"2007","Calopteryx_splendens",0.09924,0.01519,0.1819
"2008","Calopteryx_splendens",-0.08612,-0.18577,-0.01549
"2009","Calopteryx_splendens",-0.13236,-0.20567,-0.06295
"2010","Calopteryx_splendens",0.07304,-0.0108,0.16659
"2011","Calopteryx_splendens",-0.05356,-0.12415,-7e-05
"2012","Calopteryx_splendens",-0.13213,-0.21002,-0.08566
"2013","Calopteryx_splendens",-0.06232,-0.12345,0.0037
"2014","Calopteryx_splendens",0.02542,-0.04803,0.09642
"2015","Calopteryx_splendens",-0.13776,-0.19248,-0.07272
"2016","Calopteryx_splendens",-0.05184,-0.11342,0.01064
"2017","Calopteryx_splendens",-0.08028,-0.13773,-0.01606
"2018","Calopteryx_splendens",-0.00011,-0.06124,0.07617
"2019","Calopteryx_splendens",-0.0807,-0.1544,-0.01263
"2020","Calopteryx_splendens",-0.28395,-0.3381,-0.21071
"2021","Calopteryx_splendens",-0.00819,-0.064,0.06141
"2022","Calopteryx_splendens",-0.27464,-0.3415,-0.19787
"2023","Calopteryx_splendens",-0.03943,-0.1186,0.0403
"clc_artificial_prop","Calopteryx_splendens",0.28927,0.23183,0.38951
"clc_agriculture_prop","Calopteryx_splendens",1.69567,1.56457,1.89297
"clc_forest_prop","Calopteryx_splendens",-0.30191,-0.3927,-0.16461
"clc_vegetation_prop","Calopteryx_splendens",-1.7784,-1.92126,-1.61796
"clc_bare_prop","Calopteryx_splendens",0.62937,0.45768,0.8193
"clc_coastal_wetland_prop","Calopteryx_splendens",-0.25033,-0.32246,-0.15015
"clc_wetland_prop","Calopteryx_splendens",-0.35568,-0.46356,-0.23181
"clc_river_prop","Calopteryx_splendens",0.02182,-0.05993,0.07826
"bio10_temp_warmQ_dC","Calopteryx_splendens",0.49977,0.33815,0.71681
"bio12_annual_prec_mm","Calopteryx_splendens",0.99636,0.79447,1.12627
"bio4_sd_temp","Calopteryx_splendens",1.32364,1.16561,1.43441
"bio10_temp_warmQ_dC2","Calopteryx_splendens",-1.43664,-1.56787,-1.25782
"bio12_annual_prec_mm2","Calopteryx_splendens",-0.33028,-0.45915,-0.23943
"bio4_sd_temp2","Calopteryx_splendens",-0.26743,-0.34974,-0.14291
"2000","Calopteryx_virgo",-0.20481,-0.3599,-0.05175
"2001","Calopteryx_virgo",-0.28365,-0.43898,-0.13177
"2002","Calopteryx_virgo",-0.1203,-0.26915,0.02845
"2003","Calopteryx_virgo",-0.01471,-0.14029,0.11605
"2004","Calopteryx_virgo",-0.13898,-0.27058,-0.00703
"2005","Calopteryx_virgo",0.04221,-0.07422,0.16819
"2006","Calopteryx_virgo",0.00484,-0.10635,0.1148
"2007","Calopteryx_virgo",0.11129,0.00642,0.21547
"2008","Calopteryx_virgo",-0.15933,-0.25574,-0.06716
"2009","Calopteryx_virgo",-0.12502,-0.21191,-0.03324
"2010","Calopteryx_virgo",0.02516,-0.05919,0.10419
"2011","Calopteryx_virgo",-0.14374,-0.22018,-0.07374
"2012","Calopteryx_virgo",0.02774,-0.04703,0.09813
"2013","Calopteryx_virgo",-0.08938,-0.1587,-0.02113
"2014","Calopteryx_virgo",0.05265,-0.01496,0.12301
"2015","Calopteryx_virgo",0.00937,-0.05683,0.0779
"2016","Calopteryx_virgo",0.08594,0.01713,0.153
"2017","Calopteryx_virgo",-0.10448,-0.17184,-0.03859
"2018","Calopteryx_virgo",0.20855,0.13999,0.27431
"2019","Calopteryx_virgo",-0.02142,-0.09046,0.04909
"2020","Calopteryx_virgo",0.06595,-0.00571,0.13277
"2021","Calopteryx_virgo",0.07754,0.00676,0.15472
"2022","Calopteryx_virgo",-0.00654,-0.08167,0.07014
"2023","Calopteryx_virgo",0.29261,0.21401,0.37209
"clc_artificial_prop","Calopteryx_virgo",-0.49783,-0.58326,-0.41379
"clc_agriculture_prop","Calopteryx_virgo",0.43632,0.31732,0.55213
"clc_forest_prop","Calopteryx_virgo",1.27501,1.1564,1.40133
"clc_vegetation_prop","Calopteryx_virgo",-0.03465,-0.1778,0.10473
"clc_bare_prop","Calopteryx_virgo",0.12831,-0.09666,0.3236
"clc_coastal_wetland_prop","Calopteryx_virgo",-0.5818,-0.71581,-0.46383
"clc_wetland_prop","Calopteryx_virgo",-0.4725,-0.58478,-0.36098
"clc_river_prop","Calopteryx_virgo",-0.2464,-0.35669,-0.14854
"bio10_temp_warmQ_dC","Calopteryx_virgo",2.51486,2.31125,2.70894
"bio12_annual_prec_mm","Calopteryx_virgo",2.72383,2.53061,2.91601
"bio4_sd_temp","Calopteryx_virgo",1.14022,0.95157,1.30858
"bio10_temp_warmQ_dC2","Calopteryx_virgo",-2.90193,-3.07201,-2.729
"bio12_annual_prec_mm2","Calopteryx_virgo",-0.75461,-0.84154,-0.67175
"bio4_sd_temp2","Calopteryx_virgo",0.39907,0.30759,0.49697
"2000","Calopteryx_xanthostoma",1.04434,0.63189,1.48973
"2001","Calopteryx_xanthostoma",0.5445,0.08067,1.03474
"2002","Calopteryx_xanthostoma",0.49918,0.06063,0.90442
"2003","Calopteryx_xanthostoma",0.30637,-0.10133,0.70455
"2004","Calopteryx_xanthostoma",0.83025,0.47431,1.20419
"2005","Calopteryx_xanthostoma",0.48933,0.09754,0.84767
"2006","Calopteryx_xanthostoma",-0.02087,-0.40051,0.36479
"2007","Calopteryx_xanthostoma",0.05178,-0.32356,0.43177
"2008","Calopteryx_xanthostoma",0.00362,-0.32088,0.33589
"2009","Calopteryx_xanthostoma",-0.2523,-0.55424,0.05278
"2010","Calopteryx_xanthostoma",0.07414,-0.16224,0.31127
"2011","Calopteryx_xanthostoma",-0.10286,-0.33058,0.10396
"2012","Calopteryx_xanthostoma",0.08925,-0.11541,0.28587
"2013","Calopteryx_xanthostoma",-0.05357,-0.23774,0.14393
"2014","Calopteryx_xanthostoma",0.26721,0.07399,0.45821
"2015","Calopteryx_xanthostoma",-0.10624,-0.28001,0.07708
"2016","Calopteryx_xanthostoma",-0.24773,-0.41929,-0.07944
"2017","Calopteryx_xanthostoma",-0.22986,-0.39903,-0.06211
"2018","Calopteryx_xanthostoma",-0.03178,-0.188,0.12321
"2019","Calopteryx_xanthostoma",-0.33417,-0.50586,-0.16066
"2020","Calopteryx_xanthostoma",-0.53845,-0.70513,-0.364
"2021","Calopteryx_xanthostoma",-0.56333,-0.74629,-0.36967
"2022","Calopteryx_xanthostoma",-0.63598,-0.81779,-0.4613
"2023","Calopteryx_xanthostoma",-0.44122,-0.63782,-0.23639
"clc_artificial_prop","Calopteryx_xanthostoma",-1.33882,-1.69576,-1.00433
"clc_agriculture_prop","Calopteryx_xanthostoma",0.67147,0.18443,1.24407
"clc_forest_prop","Calopteryx_xanthostoma",1.66894,1.19036,2.18783
"clc_vegetation_prop","Calopteryx_xanthostoma",2.65655,2.26977,3.08649
"clc_bare_prop","Calopteryx_xanthostoma",1.14835,0.59064,1.78733
"clc_coastal_wetland_prop","Calopteryx_xanthostoma",-0.64168,-1.05565,-0.26849
"clc_wetland_prop","Calopteryx_xanthostoma",-4.26903,-5.7841,-2.95336
"clc_river_prop","Calopteryx_xanthostoma",0.11357,-0.12355,0.31553
"bio10_temp_warmQ_dC","Calopteryx_xanthostoma",8.84508,8.02749,9.76152
"bio12_annual_prec_mm","Calopteryx_xanthostoma",1.57389,1.1205,2.02347
"bio4_sd_temp","Calopteryx_xanthostoma",-3.21558,-3.85916,-2.56308
"bio10_temp_warmQ_dC2","Calopteryx_xanthostoma",-3.23375,-3.73703,-2.77255
"bio12_annual_prec_mm2","Calopteryx_xanthostoma",-0.09948,-0.31866,0.07169
"bio4_sd_temp2","Calopteryx_xanthostoma",-1.71786,-2.22339,-1.27081
"2000","Ceriagrion_tenellum",0.11652,-0.08327,0.39855
"2001","Ceriagrion_tenellum",0.04578,-0.1935,0.28508
"2002","Ceriagrion_tenellum",0.44071,0.20239,0.62877
"2003","Ceriagrion_tenellum",0.2745,0.13153,0.50217
"2004","Ceriagrion_tenellum",0.14202,-0.08859,0.29058
"2005","Ceriagrion_tenellum",0.31856,0.17848,0.53819
"2006","Ceriagrion_tenellum",0.20451,0.07838,0.39897
"2007","Ceriagrion_tenellum",0.72685,0.36319,0.91649
"2008","Ceriagrion_tenellum",0.38885,0.26583,0.57542
"2009","Ceriagrion_tenellum",0.04495,-0.13598,0.14811
"2010","Ceriagrion_tenellum",-0.05485,-0.17552,0.07206
"2011","Ceriagrion_tenellum",-0.05879,-0.14623,0.08009
"2012","Ceriagrion_tenellum",-0.01056,-0.13324,0.06673
"2013","Ceriagrion_tenellum",-0.17799,-0.30512,-0.10259
"2014","Ceriagrion_tenellum",0.07083,-0.05013,0.14071
"2015","Ceriagrion_tenellum",0.01323,-0.06442,0.13226
"2016","Ceriagrion_tenellum",0.09397,-0.01711,0.16526
"2017","Ceriagrion_tenellum",-0.1862,-0.30807,-0.07944
"2018","Ceriagrion_tenellum",-0.29095,-0.41145,-0.21929
"2019","Ceriagrion_tenellum",-0.58727,-0.71082,-0.44094
"2020","Ceriagrion_tenellum",-0.41858,-0.54997,-0.34228
"2021","Ceriagrion_tenellum",-0.13984,-0.27887,-0.05739
"2022","Ceriagrion_tenellum",-0.38944,-0.53455,-0.28354
"2023","Ceriagrion_tenellum",-0.36426,-0.51035,-0.23708
"clc_artificial_prop","Ceriagrion_tenellum",-0.38916,-0.49866,-0.29035
"clc_agriculture_prop","Ceriagrion_tenellum",-0.14342,-0.29538,0.02004
"clc_forest_prop","Ceriagrion_tenellum",-0.19606,-0.41847,-0.00175
"clc_vegetation_prop","Ceriagrion_tenellum",0.28867,0.05451,0.59498
"clc_bare_prop","Ceriagrion_tenellum",1.66527,0.32124,2.18931
"clc_coastal_wetland_prop","Ceriagrion_tenellum",-0.55859,-0.73161,-0.2374
"clc_wetland_prop","Ceriagrion_tenellum",-0.48481,-0.7999,-0.07768
"clc_river_prop","Ceriagrion_tenellum",-0.07453,-0.19949,-0.00295
"bio10_temp_warmQ_dC","Ceriagrion_tenellum",7.10032,3.42122,7.62263
"bio12_annual_prec_mm","Ceriagrion_tenellum",1.6497,0.91901,1.95792
"bio4_sd_temp","Ceriagrion_tenellum",-3.63499,-4.03599,-1.86225
"bio10_temp_warmQ_dC2","Ceriagrion_tenellum",-2.58043,-2.90247,-1.27299
"bio12_annual_prec_mm2","Ceriagrion_tenellum",-0.39624,-0.5759,-0.27638
"bio4_sd_temp2","Ceriagrion_tenellum",-1.11706,-1.38975,-0.83296
"2000","Chalcolestes_parvidens",-1.54533,-4.65202,1.02637
"2001","Chalcolestes_parvidens",-3.07576,-7.27014,0.01989
"2002","Chalcolestes_parvidens",-1.39553,-4.03655,0.79849
"2003","Chalcolestes_parvidens",-1.25245,-3.97621,0.94037
"2004","Chalcolestes_parvidens",-1.15113,-3.01167,0.29849
"2005","Chalcolestes_parvidens",-1.24238,-3.92027,0.63794
"2006","Chalcolestes_parvidens",-1.26519,-3.42647,0.44878
"2007","Chalcolestes_parvidens",-0.48643,-1.83022,0.7115
"2008","Chalcolestes_parvidens",-0.18766,-1.95382,1.1697
"2009","Chalcolestes_parvidens",0.53076,-0.83533,1.77373
"2010","Chalcolestes_parvidens",1.17045,0.21546,2.02482
"2011","Chalcolestes_parvidens",-0.05466,-1.29569,1.06232
"2012","Chalcolestes_parvidens",1.52974,0.71423,2.38621
"2013","Chalcolestes_parvidens",1.87848,1.1878,2.6287
"2014","Chalcolestes_parvidens",0.98575,0.2553,1.77632
"2015","Chalcolestes_parvidens",1.40434,0.74087,2.0605
"2016","Chalcolestes_parvidens",0.45515,-0.2431,1.14978
"2017","Chalcolestes_parvidens",0.47321,-0.15611,1.14515
"2018","Chalcolestes_parvidens",0.54058,-0.03895,1.18111
"2019","Chalcolestes_parvidens",1.20086,0.61269,1.84337
"2020","Chalcolestes_parvidens",0.0429,-0.64029,0.7613
"2021","Chalcolestes_parvidens",-0.01816,-0.68251,0.64584
"2022","Chalcolestes_parvidens",0.89039,0.28075,1.52112
"2023","Chalcolestes_parvidens",0.64803,0.06457,1.30064
"clc_artificial_prop","Chalcolestes_parvidens",-0.32193,-0.69518,0.0114
"clc_agriculture_prop","Chalcolestes_parvidens",-0.30604,-0.80212,0.20588
"clc_forest_prop","Chalcolestes_parvidens",0.15808,-0.41436,0.71432
"clc_vegetation_prop","Chalcolestes_parvidens",-0.04522,-0.5613,0.49916
"clc_bare_prop","Chalcolestes_parvidens",0.46183,-0.61152,1.30639
"clc_coastal_wetland_prop","Chalcolestes_parvidens",0.62527,0.36355,0.90165
"clc_wetland_prop","Chalcolestes_parvidens",-0.03583,-0.90038,0.71277
"clc_river_prop","Chalcolestes_parvidens",-0.48512,-0.91836,-0.07228
"bio10_temp_warmQ_dC","Chalcolestes_parvidens",7.42044,5.70875,9.39418
"bio12_annual_prec_mm","Chalcolestes_parvidens",2.77538,1.96666,3.71621
"bio4_sd_temp","Chalcolestes_parvidens",2.549,1.81584,3.38543
"bio10_temp_warmQ_dC2","Chalcolestes_parvidens",-0.42655,-1.17836,0.2351
"bio12_annual_prec_mm2","Chalcolestes_parvidens",-0.59706,-1.10313,-0.13266
"bio4_sd_temp2","Chalcolestes_parvidens",0.42201,-0.47603,1.20712
"2000","Chalcolestes_viridis",0.97436,0.72618,1.2606
"2001","Chalcolestes_viridis",0.44884,0.19503,0.72774
"2002","Chalcolestes_viridis",0.7202,0.49788,0.95658
"2003","Chalcolestes_viridis",0.77785,0.54707,1.00361
"2004","Chalcolestes_viridis",0.97467,0.77432,1.19675
"2005","Chalcolestes_viridis",0.67701,0.47846,0.87625
"2006","Chalcolestes_viridis",0.32012,0.15298,0.49732
"2007","Chalcolestes_viridis",0.32478,0.17661,0.49222
"2008","Chalcolestes_viridis",-0.13477,-0.281,0.01761
"2009","Chalcolestes_viridis",-0.09143,-0.22641,0.03584
"2010","Chalcolestes_viridis",-0.16606,-0.28595,-0.05042
"2011","Chalcolestes_viridis",-0.30676,-0.41597,-0.19653
"2012","Chalcolestes_viridis",-0.50504,-0.60049,-0.40975
"2013","Chalcolestes_viridis",-0.50304,-0.59032,-0.41294
"2014","Chalcolestes_viridis",-0.30008,-0.39596,-0.20328
"2015","Chalcolestes_viridis",-0.6113,-0.70029,-0.51898
"2016","Chalcolestes_viridis",-0.50608,-0.59987,-0.41639
"2017","Chalcolestes_viridis",-0.56505,-0.6561,-0.47603
"2018","Chalcolestes_viridis",-0.2519,-0.34177,-0.16126
"2019","Chalcolestes_viridis",-0.38654,-0.48348,-0.29127
"2020","Chalcolestes_viridis",-0.49569,-0.59796,-0.39949
"2021","Chalcolestes_viridis",-0.35609,-0.46121,-0.25304
"2022","Chalcolestes_viridis",-0.1208,-0.22983,-0.00912
"2023","Chalcolestes_viridis",0.11849,0.00147,0.23388
"clc_artificial_prop","Chalcolestes_viridis",0.04857,-0.02922,0.13151
"clc_agriculture_prop","Chalcolestes_viridis",0.19511,0.08299,0.31139
"clc_forest_prop","Chalcolestes_viridis",-0.77236,-0.89945,-0.65267
"clc_vegetation_prop","Chalcolestes_viridis",0.16411,0.02588,0.30375
"clc_bare_prop","Chalcolestes_viridis",1.52912,1.30091,1.73827
"clc_coastal_wetland_prop","Chalcolestes_viridis",-0.21869,-0.30153,-0.13489
"clc_wetland_prop","Chalcolestes_viridis",-1.00809,-1.2019,-0.82276
"clc_river_prop","Chalcolestes_viridis",0.06073,-0.0093,0.12912
"bio10_temp_warmQ_dC","Chalcolestes_viridis",4.15669,3.91656,4.40155
"bio12_annual_prec_mm","Chalcolestes_viridis",1.01628,0.83783,1.1928
"bio4_sd_temp","Chalcolestes_viridis",-0.67081,-0.85565,-0.47906
"bio10_temp_warmQ_dC2","Chalcolestes_viridis",-2.31117,-2.47888,-2.15239
"bio12_annual_prec_mm2","Chalcolestes_viridis",-0.34473,-0.45273,-0.23852
"bio4_sd_temp2","Chalcolestes_viridis",-1.40704,-1.54663,-1.25546
"2000","Coenagrion_armatum",-0.69362,-2.18526,0.66505
"2001","Coenagrion_armatum",-0.71749,-2.39595,0.62782
"2002","Coenagrion_armatum",0.21922,-1.10439,1.45688
"2003","Coenagrion_armatum",0.97328,-0.17811,2.08079
"2004","Coenagrion_armatum",0.7657,-0.32687,1.87594
"2005","Coenagrion_armatum",0.21794,-0.93623,1.38595
"2006","Coenagrion_armatum",0.66281,-0.22329,1.51821
"2007","Coenagrion_armatum",0.02241,-0.627,0.70678
"2008","Coenagrion_armatum",0.70451,0.16202,1.26046
"2009","Coenagrion_armatum",0.32214,-0.23103,0.85304
"2010","Coenagrion_armatum",1.86754,1.31018,2.44223
"2011","Coenagrion_armatum",0.76182,0.2496,1.27448
"2012","Coenagrion_armatum",1.23648,0.70345,1.80941
"2013","Coenagrion_armatum",1.79101,1.26328,2.31808
"2014","Coenagrion_armatum",0.18823,-0.33089,0.70459
"2015","Coenagrion_armatum",-0.06373,-0.68478,0.56845
"2016","Coenagrion_armatum",-0.34307,-0.957,0.23712
"2017","Coenagrion_armatum",-0.04523,-0.62582,0.51199
"2018","Coenagrion_armatum",-0.4919,-0.95397,-0.04341
"2019","Coenagrion_armatum",-0.68535,-1.27081,-0.14702
"2020","Coenagrion_armatum",-1.14998,-1.71042,-0.66276
"2021","Coenagrion_armatum",-1.2714,-1.82582,-0.71936
"2022","Coenagrion_armatum",-1.14182,-1.68851,-0.62001
"2023","Coenagrion_armatum",-1.41325,-1.94134,-0.89298
"clc_artificial_prop","Coenagrion_armatum",0.32212,0.03651,0.5973
"clc_agriculture_prop","Coenagrion_armatum",0.44251,0.00148,0.90074
"clc_forest_prop","Coenagrion_armatum",-0.5264,-0.91074,-0.13463
"clc_vegetation_prop","Coenagrion_armatum",0.0935,-0.60397,0.79438
"clc_bare_prop","Coenagrion_armatum",-1.27052,-1.99089,-0.59534
"clc_coastal_wetland_prop","Coenagrion_armatum",0.1867,-0.41297,0.57944
"clc_wetland_prop","Coenagrion_armatum",0.87267,0.62099,1.13195
"clc_river_prop","Coenagrion_armatum",-0.0861,-0.40826,0.15128
"bio10_temp_warmQ_dC","Coenagrion_armatum",-13.93965,-16.06865,-11.817
"bio12_annual_prec_mm","Coenagrion_armatum",-2.36406,-3.12444,-1.62951
"bio4_sd_temp","Coenagrion_armatum",4.41341,3.79393,5.10764
"bio10_temp_warmQ_dC2","Coenagrion_armatum",-5.56905,-7.09036,-3.98398
"bio12_annual_prec_mm2","Coenagrion_armatum",0.31603,0.04791,0.51572
"bio4_sd_temp2","Coenagrion_armatum",-1.14083,-1.52624,-0.76858
"2000","Coenagrion_caerulescens",0.25765,-0.79055,1.2776
"2001","Coenagrion_caerulescens",0.36604,-0.60278,1.31563
"2002","Coenagrion_caerulescens",1.53941,0.7891,2.2547
"2003","Coenagrion_caerulescens",0.18325,-0.68144,1.03334
"2004","Coenagrion_caerulescens",0.7943,0.10186,1.48267
"2005","Coenagrion_caerulescens",0.41152,-0.25434,1.07225
"2006","Coenagrion_caerulescens",1.48426,0.90647,2.01781
"2007","Coenagrion_caerulescens",0.60367,0.04243,1.09898
"2008","Coenagrion_caerulescens",1.28009,0.73935,1.78076
"2009","Coenagrion_caerulescens",1.14455,0.60719,1.70117
"2010","Coenagrion_caerulescens",0.28194,-0.16991,0.69832
"2011","Coenagrion_caerulescens",0.56357,0.10964,1.01261
"2012","Coenagrion_caerulescens",-0.47212,-0.93372,-0.0236
"2013","Coenagrion_caerulescens",-0.03337,-0.47785,0.41411
"2014","Coenagrion_caerulescens",-0.6923,-1.18278,-0.21369
"2015","Coenagrion_caerulescens",-0.49251,-0.89914,-0.11081
"2016","Coenagrion_caerulescens",-0.05018,-0.4262,0.34504
"2017","Coenagrion_caerulescens",-0.65831,-1.0594,-0.28868
"2018","Coenagrion_caerulescens",-0.40389,-0.77931,-0.03668
"2019","Coenagrion_caerulescens",-0.6146,-1.02545,-0.23632
"2020","Coenagrion_caerulescens",-1.28217,-1.76454,-0.84251
"2021","Coenagrion_caerulescens",-0.90452,-1.33838,-0.46509
"2022","Coenagrion_caerulescens",-1.04797,-1.49554,-0.62906
"2023","Coenagrion_caerulescens",-0.88074,-1.34731,-0.43213
"clc_artificial_prop","Coenagrion_caerulescens",-0.98657,-1.35533,-0.64367
"clc_agriculture_prop","Coenagrion_caerulescens",-0.07334,-0.55618,0.4431
"clc_forest_prop","Coenagrion_caerulescens",0.73072,0.28617,1.19233
"clc_vegetation_prop","Coenagrion_caerulescens",1.74518,1.34032,2.1762
"clc_bare_prop","Coenagrion_caerulescens",1.68304,0.99661,2.40525
"clc_coastal_wetland_prop","Coenagrion_caerulescens",-0.42424,-1.02833,0.02733
"clc_wetland_prop","Coenagrion_caerulescens",-1.8342,-3.09606,-0.71822
"clc_river_prop","Coenagrion_caerulescens",-0.81431,-1.26023,-0.39362
"bio10_temp_warmQ_dC","Coenagrion_caerulescens",5.64387,4.61973,6.70385
"bio12_annual_prec_mm","Coenagrion_caerulescens",-2.00399,-2.59485,-1.49303
"bio4_sd_temp","Coenagrion_caerulescens",0.34299,-0.34623,1.00854
"bio10_temp_warmQ_dC2","Coenagrion_caerulescens",-1.42814,-1.92991,-0.97004
"bio12_annual_prec_mm2","Coenagrion_caerulescens",0.48813,0.23504,0.70044
"bio4_sd_temp2","Coenagrion_caerulescens",-3.58009,-4.69889,-2.52162
"2000","Coenagrion_hastulatum",1.52887,1.1763,1.90514
"2001","Coenagrion_hastulatum",1.21462,0.8662,1.54066
"2002","Coenagrion_hastulatum",1.37915,1.02501,1.71564
"2003","Coenagrion_hastulatum",0.85245,0.52308,1.17528
"2004","Coenagrion_hastulatum",0.86115,0.53935,1.18484
"2005","Coenagrion_hastulatum",0.25169,-0.09123,0.57408
"2006","Coenagrion_hastulatum",0.326,0.0485,0.61462
"2007","Coenagrion_hastulatum",-0.12807,-0.39227,0.12863
"2008","Coenagrion_hastulatum",0.75285,0.51905,0.9951
"2009","Coenagrion_hastulatum",0.36378,0.15843,0.5814
"2010","Coenagrion_hastulatum",0.57564,0.36779,0.79562
"2011","Coenagrion_hastulatum",0.38085,0.195,0.56264
"2012","Coenagrion_hastulatum",0.49771,0.30015,0.70501
"2013","Coenagrion_hastulatum",0.41738,0.22618,0.60975
"2014","Coenagrion_hastulatum",0.2205,0.03553,0.41821
"2015","Coenagrion_hastulatum",-0.2731,-0.45099,-0.08415
"2016","Coenagrion_hastulatum",-0.48805,-0.66941,-0.31048
"2017","Coenagrion_hastulatum",-0.31609,-0.49512,-0.13485
"2018","Coenagrion_hastulatum",-0.97657,-1.14437,-0.81661
"2019","Coenagrion_hastulatum",-0.98684,-1.17156,-0.79664
"2020","Coenagrion_hastulatum",-1.20527,-1.38959,-1.02683
"2021","Coenagrion_hastulatum",-1.3554,-1.53727,-1.18801
"2022","Coenagrion_hastulatum",-1.16079,-1.3509,-0.98615
"2023","Coenagrion_hastulatum",-1.31049,-1.5016,-1.10603
"clc_artificial_prop","Coenagrion_hastulatum",-0.08204,-0.27846,0.11435
"clc_agriculture_prop","Coenagrion_hastulatum",0.54915,0.25786,0.83028
"clc_forest_prop","Coenagrion_hastulatum",1.31119,1.0739,1.53081
"clc_vegetation_prop","Coenagrion_hastulatum",0.19154,-0.1239,0.52102
"clc_bare_prop","Coenagrion_hastulatum",-2.61371,-3.02837,-2.18543
"clc_coastal_wetland_prop","Coenagrion_hastulatum",0.07784,-0.34938,0.37383
"clc_wetland_prop","Coenagrion_hastulatum",0.67026,0.4646,0.86501
"clc_river_prop","Coenagrion_hastulatum",-0.07162,-0.31761,0.13947
"bio10_temp_warmQ_dC","Coenagrion_hastulatum",-11.53525,-12.42578,-10.71448
"bio12_annual_prec_mm","Coenagrion_hastulatum",-0.75497,-1.13491,-0.39101
"bio4_sd_temp","Coenagrion_hastulatum",5.02728,4.60055,5.46824
"bio10_temp_warmQ_dC2","Coenagrion_hastulatum",-1.21271,-1.94764,-0.52982
"bio12_annual_prec_mm2","Coenagrion_hastulatum",0.19952,0.09713,0.30954
"bio4_sd_temp2","Coenagrion_hastulatum",-1.34572,-1.62939,-1.07294
"2000","Coenagrion_johanssoni",-4.42021,-8.34074,-1.36323
"2001","Coenagrion_johanssoni",0.00645,-2.01298,1.62529
"2002","Coenagrion_johanssoni",0.46675,-1.18623,1.89957
"2003","Coenagrion_johanssoni",-0.49986,-2.2214,1.08948
"2004","Coenagrion_johanssoni",-0.63834,-2.31857,0.80746
"2005","Coenagrion_johanssoni",1.20291,0.1222,2.35617
"2006","Coenagrion_johanssoni",0.12418,-0.67012,0.90406
"2007","Coenagrion_johanssoni",0.82662,0.20442,1.44455
"2008","Coenagrion_johanssoni",1.38708,0.82904,1.9809
"2009","Coenagrion_johanssoni",1.44255,0.89862,1.98831
"2010","Coenagrion_johanssoni",0.71536,0.21313,1.24023
"2011","Coenagrion_johanssoni",0.90136,0.36525,1.41897
"2012","Coenagrion_johanssoni",0.6009,0.00723,1.19489
"2013","Coenagrion_johanssoni",0.53498,0.02399,1.11301
"2014","Coenagrion_johanssoni",-0.42472,-1.20024,0.28241
"2015","Coenagrion_johanssoni",0.74873,0.11934,1.3698
"2016","Coenagrion_johanssoni",0.50341,-0.06407,1.10359
"2017","Coenagrion_johanssoni",0.67492,0.15142,1.24962
"2018","Coenagrion_johanssoni",-0.12248,-0.6816,0.43293
"2019","Coenagrion_johanssoni",0.03778,-0.47245,0.57242
"2020","Coenagrion_johanssoni",-0.37189,-0.8578,0.11518
"2021","Coenagrion_johanssoni",-1.24537,-1.77856,-0.69294
"2022","Coenagrion_johanssoni",-0.83332,-1.36332,-0.2869
"2023","Coenagrion_johanssoni",-0.58015,-1.13337,-0.0324
"clc_artificial_prop","Coenagrion_johanssoni",-0.0634,-0.44381,0.30417
"clc_agriculture_prop","Coenagrion_johanssoni",-0.07555,-0.67587,0.57446
"clc_forest_prop","Coenagrion_johanssoni",1.67898,1.23343,2.20052
"clc_vegetation_prop","Coenagrion_johanssoni",0.26136,-0.50636,0.95895
"clc_bare_prop","Coenagrion_johanssoni",-2.57658,-3.46196,-1.74649
"clc_coastal_wetland_prop","Coenagrion_johanssoni",-0.06575,-1.34451,0.90618
"clc_wetland_prop","Coenagrion_johanssoni",0.81395,0.53962,1.11336
"clc_river_prop","Coenagrion_johanssoni",0.05545,-0.21999,0.29771
"bio10_temp_warmQ_dC","Coenagrion_johanssoni",-8.3583,-10.40028,-6.57876
"bio12_annual_prec_mm","Coenagrion_johanssoni",-0.54221,-1.05657,-0.05509
"bio4_sd_temp","Coenagrion_johanssoni",6.69126,5.39107,8.12275
"bio10_temp_warmQ_dC2","Coenagrion_johanssoni",-2.93126,-4.44637,-1.60984
"bio12_annual_prec_mm2","Coenagrion_johanssoni",0.21583,0.03637,0.37942
"bio4_sd_temp2","Coenagrion_johanssoni",-1.91668,-2.59818,-1.23246
"2000","Coenagrion_lunulatum",0.64022,0.02278,1.22635
"2001","Coenagrion_lunulatum",1.06151,0.39395,1.69803
"2002","Coenagrion_lunulatum",1.02861,0.43652,1.59119
"2003","Coenagrion_lunulatum",1.30525,0.79827,1.82162
"2004","Coenagrion_lunulatum",-0.38756,-0.98241,0.15841
"2005","Coenagrion_lunulatum",0.18863,-0.32537,0.70565
"2006","Coenagrion_lunulatum",0.07269,-0.38019,0.55227
"2007","Coenagrion_lunulatum",-0.83268,-1.26571,-0.41009
"2008","Coenagrion_lunulatum",-0.09551,-0.45897,0.2771
"2009","Coenagrion_lunulatum",0.43893,0.12923,0.75497
"2010","Coenagrion_lunulatum",0.38009,0.04864,0.74165
"2011","Coenagrion_lunulatum",0.00928,-0.32214,0.32402
"2012","Coenagrion_lunulatum",0.50026,0.13582,0.85166
"2013","Coenagrion_lunulatum",0.79161,0.43234,1.14426
"2014","Coenagrion_lunulatum",0.2301,-0.09704,0.54784
"2015","Coenagrion_lunulatum",0.37803,0.03544,0.72278
"2016","Coenagrion_lunulatum",0.24017,-0.12849,0.58102
"2017","Coenagrion_lunulatum",0.56242,0.23044,0.9329
"2018","Coenagrion_lunulatum",-0.06883,-0.38372,0.2547
"2019","Coenagrion_lunulatum",-0.2949,-0.65765,0.07952
"2020","Coenagrion_lunulatum",-0.77905,-1.15929,-0.41571
"2021","Coenagrion_lunulatum",-1.18887,-1.56993,-0.7653
"2022","Coenagrion_lunulatum",-0.85354,-1.22123,-0.47437
"2023","Coenagrion_lunulatum",-1.65859,-2.09043,-1.21623
"clc_artificial_prop","Coenagrion_lunulatum",-0.21052,-0.49326,0.05291
"clc_agriculture_prop","Coenagrion_lunulatum",0.34103,-0.04686,0.76548
"clc_forest_prop","Coenagrion_lunulatum",-0.0508,-0.41396,0.32862
"clc_vegetation_prop","Coenagrion_lunulatum",0.36661,-0.32019,1.01378
"clc_bare_prop","Coenagrion_lunulatum",-1.32055,-2.34848,-0.49661
"clc_coastal_wetland_prop","Coenagrion_lunulatum",0.05263,-0.25945,0.37725
"clc_wetland_prop","Coenagrion_lunulatum",1.02835,0.71591,1.32847
"clc_river_prop","Coenagrion_lunulatum",-0.17637,-0.51705,0.09506
"bio10_temp_warmQ_dC","Coenagrion_lunulatum",-11.99869,-13.73331,-10.46172
"bio12_annual_prec_mm","Coenagrion_lunulatum",-1.95378,-2.65775,-1.27873
"bio4_sd_temp","Coenagrion_lunulatum",2.38479,1.8355,2.89125
"bio10_temp_warmQ_dC2","Coenagrion_lunulatum",-5.98713,-7.48618,-4.51607
"bio12_annual_prec_mm2","Coenagrion_lunulatum",-0.89555,-1.56584,-0.31146
"bio4_sd_temp2","Coenagrion_lunulatum",-1.30636,-1.66554,-0.93841
"2000","Coenagrion_mercuriale",0.57577,0.27295,0.86449
"2001","Coenagrion_mercuriale",0.49263,0.23362,0.76439
"2002","Coenagrion_mercuriale",0.56862,0.2935,0.82731
"2003","Coenagrion_mercuriale",0.26377,0.0133,0.52123
"2004","Coenagrion_mercuriale",0.79972,0.56559,1.03124
"2005","Coenagrion_mercuriale",0.73277,0.5185,0.93949
"2006","Coenagrion_mercuriale",0.38198,0.14788,0.61961
"2007","Coenagrion_mercuriale",0.76995,0.56995,0.9785
"2008","Coenagrion_mercuriale",0.65458,0.46131,0.85222
"2009","Coenagrion_mercuriale",0.07395,-0.11547,0.25877
"2010","Coenagrion_mercuriale",0.42191,0.28586,0.56184
"2011","Coenagrion_mercuriale",0.34131,0.2162,0.46612
"2012","Coenagrion_mercuriale",0.10439,-0.01318,0.22677
"2013","Coenagrion_mercuriale",0.03879,-0.07329,0.15119
"2014","Coenagrion_mercuriale",-0.12759,-0.2494,-0.00963
"2015","Coenagrion_mercuriale",-0.31516,-0.42857,-0.20981
"2016","Coenagrion_mercuriale",-0.0423,-0.15275,0.06504
"2017","Coenagrion_mercuriale",-0.3286,-0.43895,-0.22002
"2018","Coenagrion_mercuriale",-0.62755,-0.73643,-0.51883
"2019","Coenagrion_mercuriale",-0.71769,-0.83572,-0.59197
"2020","Coenagrion_mercuriale",-0.79278,-0.9095,-0.66865
"2021","Coenagrion_mercuriale",-0.62137,-0.73947,-0.49056
"2022","Coenagrion_mercuriale",-0.81311,-0.9439,-0.68331
"2023","Coenagrion_mercuriale",-0.92697,-1.07155,-0.78545
"clc_artificial_prop","Coenagrion_mercuriale",-0.69507,-0.84664,-0.5448
"clc_agriculture_prop","Coenagrion_mercuriale",0.6758,0.43232,0.89571
"clc_forest_prop","Coenagrion_mercuriale",0.33594,0.12832,0.57131
"clc_vegetation_prop","Coenagrion_mercuriale",0.2889,0.07197,0.51843
"clc_bare_prop","Coenagrion_mercuriale",1.53341,1.10923,1.99444
"clc_coastal_wetland_prop","Coenagrion_mercuriale",-0.15588,-0.31036,-0.00376
"clc_wetland_prop","Coenagrion_mercuriale",-1.93697,-2.43279,-1.46339
"clc_river_prop","Coenagrion_mercuriale",-0.05589,-0.19224,0.07627
"bio10_temp_warmQ_dC","Coenagrion_mercuriale",7.0835,6.60319,7.59155
"bio12_annual_prec_mm","Coenagrion_mercuriale",0.88087,0.61047,1.15285
"bio4_sd_temp","Coenagrion_mercuriale",-1.93828,-2.2945,-1.56991
"bio10_temp_warmQ_dC2","Coenagrion_mercuriale",-3.78872,-4.12092,-3.47724
"bio12_annual_prec_mm2","Coenagrion_mercuriale",0.06286,-0.07506,0.17358
"bio4_sd_temp2","Coenagrion_mercuriale",-1.0341,-1.28442,-0.78211
"2000","Coenagrion_ornatum",-2.75457,-4.55641,-1.20977
"2001","Coenagrion_ornatum",-1.24198,-2.82468,0.23117
"2002","Coenagrion_ornatum",-1.87903,-3.50473,-0.53172
"2003","Coenagrion_ornatum",-0.65969,-1.75115,0.31179
"2004","Coenagrion_ornatum",-0.58753,-1.85712,0.69796
"2005","Coenagrion_ornatum",0.60608,-0.41634,1.64871
"2006","Coenagrion_ornatum",-0.42273,-1.35,0.3895
"2007","Coenagrion_ornatum",0.52625,-0.41263,1.40163
"2008","Coenagrion_ornatum",0.42674,-0.54141,1.43425
"2009","Coenagrion_ornatum",1.15687,0.37845,1.9212
"2010","Coenagrion_ornatum",1.92076,1.3122,2.55867
"2011","Coenagrion_ornatum",1.0433,0.3863,1.71516
"2012","Coenagrion_ornatum",0.52106,-0.25207,1.20679
"2013","Coenagrion_ornatum",0.88057,0.20812,1.51005
"2014","Coenagrion_ornatum",0.89942,0.26661,1.47996
"2015","Coenagrion_ornatum",-0.00872,-0.69889,0.57934
"2016","Coenagrion_ornatum",0.92614,0.3171,1.51797
"2017","Coenagrion_ornatum",0.59935,-0.02095,1.18467
"2018","Coenagrion_ornatum",-0.20703,-0.92758,0.47672
"2019","Coenagrion_ornatum",0.09899,-0.57378,0.76466
"2020","Coenagrion_ornatum",-0.27399,-0.95142,0.38062
"2021","Coenagrion_ornatum",-0.04478,-0.66725,0.57007
"2022","Coenagrion_ornatum",-0.27106,-0.90501,0.36618
"2023","Coenagrion_ornatum",-0.20315,-0.86429,0.44402
"clc_artificial_prop","Coenagrion_ornatum",-1.08259,-1.91493,-0.31425
"clc_agriculture_prop","Coenagrion_ornatum",3.9315,2.59878,5.49709
"clc_forest_prop","Coenagrion_ornatum",1.65792,0.40208,3.03822
"clc_vegetation_prop","Coenagrion_ornatum",-1.14639,-2.94499,0.61399
"clc_bare_prop","Coenagrion_ornatum",-0.06852,-4.05697,2.73236
"clc_coastal_wetland_prop","Coenagrion_ornatum",-0.32413,-3.79571,1.17054
"clc_wetland_prop","Coenagrion_ornatum",-2.28951,-4.89014,-0.29647
"clc_river_prop","Coenagrion_ornatum",-0.24451,-0.81968,0.32706
"bio10_temp_warmQ_dC","Coenagrion_ornatum",9.06404,6.91142,11.56641
"bio12_annual_prec_mm","Coenagrion_ornatum",0.07403,-0.80364,1.01485
"bio4_sd_temp","Coenagrion_ornatum",8.22595,6.77666,9.92543
"bio10_temp_warmQ_dC2","Coenagrion_ornatum",-7.15151,-9.05196,-5.66388
"bio12_annual_prec_mm2","Coenagrion_ornatum",0.59161,0.19813,0.9323
"bio4_sd_temp2","Coenagrion_ornatum",-5.25507,-7.64909,-3.33892
"2000","Coenagrion_puella",1.32159,1.10891,1.54296
"2001","Coenagrion_puella",1.04637,0.83529,1.2462
"2002","Coenagrion_puella",1.01335,0.82733,1.21033
"2003","Coenagrion_puella",0.39347,0.23371,0.56015
"2004","Coenagrion_puella",0.47069,0.31133,0.64581
"2005","Coenagrion_puella",0.26924,0.12384,0.41291
"2006","Coenagrion_puella",-0.05322,-0.18496,0.08597
"2007","Coenagrion_puella",0.0928,-0.02677,0.21562
"2008","Coenagrion_puella",0.25093,0.14026,0.36895
"2009","Coenagrion_puella",0.2664,0.16541,0.3696
"2010","Coenagrion_puella",0.08177,-0.01932,0.18246
"2011","Coenagrion_puella",0.07184,-0.01144,0.15503
"2012","Coenagrion_puella",0.35517,0.26454,0.45097
"2013","Coenagrion_puella",0.13367,0.04135,0.22452
"2014","Coenagrion_puella",-0.14349,-0.22548,-0.05936
"2015","Coenagrion_puella",-0.15692,-0.24006,-0.0739
"2016","Coenagrion_puella",-0.31394,-0.397,-0.23381
"2017","Coenagrion_puella",-0.71537,-0.79411,-0.64073
"2018","Coenagrion_puella",-0.66804,-0.74434,-0.59302
"2019","Coenagrion_puella",-0.76024,-0.84151,-0.68366
"2020","Coenagrion_puella",-0.6994,-0.77968,-0.62095
"2021","Coenagrion_puella",-0.57592,-0.65866,-0.49307
"2022","Coenagrion_puella",-0.63675,-0.71969,-0.55248
"2023","Coenagrion_puella",-0.757,-0.84278,-0.67012
"clc_artificial_prop","Coenagrion_puella",0.29625,0.23313,0.36379
"clc_agriculture_prop","Coenagrion_puella",0.89099,0.80149,0.97574
"clc_forest_prop","Coenagrion_puella",-0.50789,-0.59649,-0.41764
"clc_vegetation_prop","Coenagrion_puella",-0.54568,-0.64843,-0.43874
"clc_bare_prop","Coenagrion_puella",0.83447,0.68896,0.98331
"clc_coastal_wetland_prop","Coenagrion_puella",-0.16465,-0.2337,-0.09696
"clc_wetland_prop","Coenagrion_puella",-0.67765,-0.76864,-0.58996
"clc_river_prop","Coenagrion_puella",-0.12829,-0.18406,-0.07569
"bio10_temp_warmQ_dC","Coenagrion_puella",-0.7303,-0.88193,-0.57824
"bio12_annual_prec_mm","Coenagrion_puella",1.50559,1.36153,1.65421
"bio4_sd_temp","Coenagrion_puella",-0.11022,-0.23684,0.02207
"bio10_temp_warmQ_dC2","Coenagrion_puella",-1.50081,-1.62095,-1.37644
"bio12_annual_prec_mm2","Coenagrion_puella",-0.45913,-0.52039,-0.40031
"bio4_sd_temp2","Coenagrion_puella",-0.93052,-1.02291,-0.83915
"2000","Coenagrion_pulchellum",0.65665,0.45459,0.86568
"2001","Coenagrion_pulchellum",0.87028,0.66355,1.06578
"2002","Coenagrion_pulchellum",0.77578,0.57146,0.97942
"2003","Coenagrion_pulchellum",0.5486,0.38372,0.71337
"2004","Coenagrion_pulchellum",0.3932,0.22077,0.57077
"2005","Coenagrion_pulchellum",0.18228,0.0091,0.35376
"2006","Coenagrion_pulchellum",0.13688,-0.01432,0.30499
"2007","Coenagrion_pulchellum",0.03044,-0.11114,0.17663
"2008","Coenagrion_pulchellum",0.36409,0.23994,0.49221
"2009","Coenagrion_pulchellum",0.32253,0.198,0.44438
"2010","Coenagrion_pulchellum",0.33504,0.21907,0.45342
"2011","Coenagrion_pulchellum",0.12618,0.02613,0.22889
"2012","Coenagrion_pulchellum",0.37333,0.27121,0.47575
"2013","Coenagrion_pulchellum",0.24379,0.13523,0.34878
"2014","Coenagrion_pulchellum",0.00112,-0.10609,0.10675
"2015","Coenagrion_pulchellum",-0.05046,-0.15256,0.05498
"2016","Coenagrion_pulchellum",-0.3007,-0.4029,-0.19388
"2017","Coenagrion_pulchellum",-0.3035,-0.40974,-0.19365
"2018","Coenagrion_pulchellum",-0.50982,-0.61328,-0.40695
"2019","Coenagrion_pulchellum",-0.6417,-0.75608,-0.53007
"2020","Coenagrion_pulchellum",-0.77125,-0.87634,-0.66483
"2021","Coenagrion_pulchellum",-0.56851,-0.67983,-0.44935
"2022","Coenagrion_pulchellum",-0.76778,-0.8748,-0.64922
"2023","Coenagrion_pulchellum",-0.87469,-0.99524,-0.74937
"clc_artificial_prop","Coenagrion_pulchellum",0.14962,0.02571,0.26765
"clc_agriculture_prop","Coenagrion_pulchellum",-0.18973,-0.35396,-0.03681
"clc_forest_prop","Coenagrion_pulchellum",-0.2874,-0.45362,-0.11481
"clc_vegetation_prop","Coenagrion_pulchellum",-0.83323,-1.06993,-0.61003
"clc_bare_prop","Coenagrion_pulchellum",-0.13122,-0.40813,0.16006
"clc_coastal_wetland_prop","Coenagrion_pulchellum",0.22275,0.09857,0.34389
"clc_wetland_prop","Coenagrion_pulchellum",0.90733,0.74844,1.05831
"clc_river_prop","Coenagrion_pulchellum",0.16812,0.07536,0.26675
"bio10_temp_warmQ_dC","Coenagrion_pulchellum",-2.38228,-2.68841,-2.06495
"bio12_annual_prec_mm","Coenagrion_pulchellum",-1.20871,-1.47439,-0.96272
"bio4_sd_temp","Coenagrion_pulchellum",1.13174,0.89812,1.38001
"bio10_temp_warmQ_dC2","Coenagrion_pulchellum",-1.25888,-1.52534,-0.9924
"bio12_annual_prec_mm2","Coenagrion_pulchellum",0.32507,0.23982,0.42629
"bio4_sd_temp2","Coenagrion_pulchellum",-0.40799,-0.57396,-0.24012
"2000","Coenagrion_scitulum",-0.7015,-1.09744,-0.31297
"2001","Coenagrion_scitulum",-0.90856,-1.28919,-0.50215
"2002","Coenagrion_scitulum",-0.90714,-1.28573,-0.53883
"2003","Coenagrion_scitulum",-0.57966,-0.9012,-0.26663
"2004","Coenagrion_scitulum",-0.40286,-0.70873,-0.08689
"2005","Coenagrion_scitulum",-0.51058,-0.79093,-0.22711
"2006","Coenagrion_scitulum",-0.74791,-1.04057,-0.46219
"2007","Coenagrion_scitulum",0.20245,-0.06437,0.4499
"2008","Coenagrion_scitulum",-0.15616,-0.38171,0.06443
"2009","Coenagrion_scitulum",-0.19861,-0.39728,-0.0045
"2010","Coenagrion_scitulum",0.02426,-0.13751,0.19405
"2011","Coenagrion_scitulum",0.28302,0.13407,0.43101
"2012","Coenagrion_scitulum",0.21543,0.0712,0.3543
"2013","Coenagrion_scitulum",0.02502,-0.12166,0.16624
"2014","Coenagrion_scitulum",0.07929,-0.04939,0.20803
"2015","Coenagrion_scitulum",0.22039,0.09766,0.34422
"2016","Coenagrion_scitulum",0.24386,0.11207,0.36871
"2017","Coenagrion_scitulum",0.04027,-0.08472,0.16333
"2018","Coenagrion_scitulum",0.38643,0.26096,0.51019
"2019","Coenagrion_scitulum",0.23385,0.09405,0.36492
"2020","Coenagrion_scitulum",0.36616,0.23026,0.50411
"2021","Coenagrion_scitulum",0.74963,0.60528,0.90387
"2022","Coenagrion_scitulum",0.6836,0.5303,0.8395
"2023","Coenagrion_scitulum",0.51265,0.34858,0.67359
"clc_artificial_prop","Coenagrion_scitulum",-0.42215,-0.53145,-0.30734
"clc_agriculture_prop","Coenagrion_scitulum",0.38774,0.22244,0.55291
"clc_forest_prop","Coenagrion_scitulum",-0.34339,-0.528,-0.16055
"clc_vegetation_prop","Coenagrion_scitulum",0.31802,0.11989,0.52271
"clc_bare_prop","Coenagrion_scitulum",1.28132,0.88698,1.69616
"clc_coastal_wetland_prop","Coenagrion_scitulum",0.0019,-0.12788,0.1156
"clc_wetland_prop","Coenagrion_scitulum",-1.20534,-1.53706,-0.86968
"clc_river_prop","Coenagrion_scitulum",-0.01772,-0.09665,0.06755
"bio10_temp_warmQ_dC","Coenagrion_scitulum",6.04211,5.64258,6.48054
"bio12_annual_prec_mm","Coenagrion_scitulum",0.74645,0.50294,0.99312
"bio4_sd_temp","Coenagrion_scitulum",-1.366,-1.64683,-1.08793
"bio10_temp_warmQ_dC2","Coenagrion_scitulum",-2.71594,-2.97538,-2.46801
"bio12_annual_prec_mm2","Coenagrion_scitulum",-0.19395,-0.35375,-0.0329
"bio4_sd_temp2","Coenagrion_scitulum",-0.98416,-1.2116,-0.77961
"2000","Cordulegaster_bidentata",-0.72145,-1.11577,-0.34403
"2001","Cordulegaster_bidentata",-0.30195,-0.6513,0.0623
"2002","Cordulegaster_bidentata",-0.23402,-0.62742,0.12457
"2003","Cordulegaster_bidentata",0.0547,-0.27302,0.37956
"2004","Cordulegaster_bidentata",0.21703,-0.10057,0.54036
"2005","Cordulegaster_bidentata",0.3426,0.03755,0.64193
"2006","Cordulegaster_bidentata",0.2262,-0.05271,0.51572
"2007","Cordulegaster_bidentata",-0.2132,-0.5063,0.08414
"2008","Cordulegaster_bidentata",-0.04115,-0.3333,0.21534
"2009","Cordulegaster_bidentata",-0.11964,-0.37737,0.11805
"2010","Cordulegaster_bidentata",0.15728,-0.04775,0.35899
"2011","Cordulegaster_bidentata",0.13095,-0.07015,0.32986
"2012","Cordulegaster_bidentata",0.23344,0.05135,0.42373
"2013","Cordulegaster_bidentata",0.37689,0.20977,0.54204
"2014","Cordulegaster_bidentata",0.53764,0.3619,0.7119
"2015","Cordulegaster_bidentata",0.08982,-0.07396,0.25635
"2016","Cordulegaster_bidentata",-0.14723,-0.31232,0.01996
"2017","Cordulegaster_bidentata",0.0259,-0.13632,0.18655
"2018","Cordulegaster_bidentata",-0.08866,-0.24668,0.06717
"2019","Cordulegaster_bidentata",0.00223,-0.14607,0.1542
"2020","Cordulegaster_bidentata",-0.23616,-0.3908,-0.08073
"2021","Cordulegaster_bidentata",-0.14177,-0.29405,0.0103
"2022","Cordulegaster_bidentata",0.25778,0.11005,0.41088
"2023","Cordulegaster_bidentata",0.17167,0.02369,0.31601
"clc_artificial_prop","Cordulegaster_bidentata",0.71022,0.38876,1.07821
"clc_agriculture_prop","Cordulegaster_bidentata",2.41698,1.41742,3.61013
"clc_forest_prop","Cordulegaster_bidentata",2.39862,1.58417,3.38854
"clc_vegetation_prop","Cordulegaster_bidentata",1.94531,1.27218,2.72512
"clc_bare_prop","Cordulegaster_bidentata",1.21759,0.93251,1.52166
"clc_coastal_wetland_prop","Cordulegaster_bidentata",-6.69372,-10.62383,-3.43817
"clc_wetland_prop","Cordulegaster_bidentata",-1.6654,-2.17156,-1.07459
"clc_river_prop","Cordulegaster_bidentata",-0.31682,-0.5391,-0.1201
"bio10_temp_warmQ_dC","Cordulegaster_bidentata",0.78306,0.51273,1.06062
"bio12_annual_prec_mm","Cordulegaster_bidentata",3.91546,3.6036,4.23651
"bio4_sd_temp","Cordulegaster_bidentata",3.57943,3.23631,3.95146
"bio10_temp_warmQ_dC2","Cordulegaster_bidentata",-1.25286,-1.49298,-1.00809
"bio12_annual_prec_mm2","Cordulegaster_bidentata",-0.92986,-1.06109,-0.78725
"bio4_sd_temp2","Cordulegaster_bidentata",-2.81459,-3.34111,-2.35066
"2000","Cordulegaster_boltonii",0.21468,0.04068,0.39539
"2001","Cordulegaster_boltonii",0.14288,-0.01659,0.32647
"2002","Cordulegaster_boltonii",0.57467,0.41145,0.72558
"2003","Cordulegaster_boltonii",0.36629,0.21882,0.52088
"2004","Cordulegaster_boltonii",0.26216,0.11708,0.40302
"2005","Cordulegaster_boltonii",0.24322,0.10926,0.37817
"2006","Cordulegaster_boltonii",0.39903,0.28389,0.52039
"2007","Cordulegaster_boltonii",-0.14233,-0.25387,-0.03424
"2008","Cordulegaster_boltonii",0.11324,0.00977,0.22525
"2009","Cordulegaster_boltonii",0.24186,0.1471,0.34541
"2010","Cordulegaster_boltonii",0.13321,0.04769,0.22439
"2011","Cordulegaster_boltonii",-0.18425,-0.26664,-0.10058
"2012","Cordulegaster_boltonii",-0.12341,-0.20331,-0.04394
"2013","Cordulegaster_boltonii",0.22679,0.15215,0.3012
"2014","Cordulegaster_boltonii",-0.03508,-0.10921,0.04534
"2015","Cordulegaster_boltonii",-0.07599,-0.14674,0.00298
"2016","Cordulegaster_boltonii",-0.15494,-0.22061,-0.0848
"2017","Cordulegaster_boltonii",-0.18178,-0.24937,-0.10981
"2018","Cordulegaster_boltonii",-0.16301,-0.2296,-0.09525
"2019","Cordulegaster_boltonii",-0.22817,-0.30152,-0.15676
"2020","Cordulegaster_boltonii",-0.36713,-0.43109,-0.2949
"2021","Cordulegaster_boltonii",-0.24179,-0.30943,-0.16964
"2022","Cordulegaster_boltonii",-0.19397,-0.26552,-0.12055
"2023","Cordulegaster_boltonii",-0.31003,-0.38747,-0.23776
"clc_artificial_prop","Cordulegaster_boltonii",-0.63619,-0.71794,-0.54561
"clc_agriculture_prop","Cordulegaster_boltonii",-0.32018,-0.42096,-0.21058
"clc_forest_prop","Cordulegaster_boltonii",1.30101,1.17864,1.39881
"clc_vegetation_prop","Cordulegaster_boltonii",0.6566,0.45284,0.79678
"clc_bare_prop","Cordulegaster_boltonii",-0.43321,-0.63727,-0.17578
"clc_coastal_wetland_prop","Cordulegaster_boltonii",-0.48445,-0.58554,-0.3644
"clc_wetland_prop","Cordulegaster_boltonii",0.02528,-0.07379,0.11581
"clc_river_prop","Cordulegaster_boltonii",-0.10049,-0.20155,-0.01681
"bio10_temp_warmQ_dC","Cordulegaster_boltonii",1.39011,1.20027,1.54271
"bio12_annual_prec_mm","Cordulegaster_boltonii",1.4834,1.35335,1.67673
"bio4_sd_temp","Cordulegaster_boltonii",-0.88966,-1.02121,-0.75319
"bio10_temp_warmQ_dC2","Cordulegaster_boltonii",-1.14023,-1.2796,-1.01471
"bio12_annual_prec_mm2","Cordulegaster_boltonii",-0.21134,-0.26074,-0.16279
"bio4_sd_temp2","Cordulegaster_boltonii",0.27743,0.19342,0.39052
"2000","Cordulegaster_heros",-1.28769,-2.59878,-0.02542
"2001","Cordulegaster_heros",-0.73221,-2.1304,0.59701
"2002","Cordulegaster_heros",-0.24197,-1.64403,1.06172
"2003","Cordulegaster_heros",0.0686,-0.8575,1.05522
"2004","Cordulegaster_heros",0.86075,-0.10573,1.82077
"2005","Cordulegaster_heros",0.22499,-0.84249,1.26239
"2006","Cordulegaster_heros",1.22866,0.2087,2.21993
"2007","Cordulegaster_heros",0.58989,-0.20395,1.36111
"2008","Cordulegaster_heros",0.209,-0.68098,1.10256
"2009","Cordulegaster_heros",0.72474,-0.18032,1.70747
"2010","Cordulegaster_heros",1.2632,0.69903,1.89825
"2011","Cordulegaster_heros",0.43632,-0.20391,1.0412
"2012","Cordulegaster_heros",0.08781,-0.73022,0.89286
"2013","Cordulegaster_heros",-0.07411,-0.76534,0.60082
"2014","Cordulegaster_heros",0.16534,-0.51629,0.87156
"2015","Cordulegaster_heros",-0.14158,-0.68778,0.43903
"2016","Cordulegaster_heros",-0.70006,-1.56378,0.18083
"2017","Cordulegaster_heros",0.36621,-0.23073,0.96921
"2018","Cordulegaster_heros",-0.46465,-1.0882,0.10787
"2019","Cordulegaster_heros",-0.21818,-0.76504,0.35054
"2020","Cordulegaster_heros",-0.36001,-0.84661,0.16953
"2021","Cordulegaster_heros",-0.11906,-0.59259,0.35773
"2022","Cordulegaster_heros",-0.5717,-1.05892,-0.0753
"2023","Cordulegaster_heros",-0.6037,-1.13394,-0.07355
"clc_artificial_prop","Cordulegaster_heros",0.1051,-0.51175,0.71633
"clc_agriculture_prop","Cordulegaster_heros",2.33709,1.05302,3.65842
"clc_forest_prop","Cordulegaster_heros",3.69086,2.62305,4.88147
"clc_vegetation_prop","Cordulegaster_heros",-1.50706,-3.35268,0.28685
"clc_bare_prop","Cordulegaster_heros",-0.12085,-3.01801,2.40397
"clc_coastal_wetland_prop","Cordulegaster_heros",0.35572,-2.41039,1.43156
"clc_wetland_prop","Cordulegaster_heros",-4.23341,-6.80081,-2.3143
"clc_river_prop","Cordulegaster_heros",-0.27149,-0.93081,0.29347
"bio10_temp_warmQ_dC","Cordulegaster_heros",8.79521,7.04065,10.76306
"bio12_annual_prec_mm","Cordulegaster_heros",3.63231,2.73221,4.68494
"bio4_sd_temp","Cordulegaster_heros",14.35532,11.5597,17.35095
"bio10_temp_warmQ_dC2","Cordulegaster_heros",-6.11726,-7.81816,-4.62361
"bio12_annual_prec_mm2","Cordulegaster_heros",-0.60452,-0.9598,-0.23633
"bio4_sd_temp2","Cordulegaster_heros",-4.60823,-6.94031,-2.57058
"2000","Cordulia_aenea",0.47097,0.24412,0.70996
"2001","Cordulia_aenea",0.32569,0.09999,0.56696
"2002","Cordulia_aenea",0.01882,-0.19055,0.23887
"2003","Cordulia_aenea",0.0794,-0.10856,0.26639
"2004","Cordulia_aenea",0.06695,-0.13501,0.26637
"2005","Cordulia_aenea",-0.04974,-0.21671,0.11476
"2006","Cordulia_aenea",0.24496,0.09241,0.41424
"2007","Cordulia_aenea",-0.26131,-0.40806,-0.118
"2008","Cordulia_aenea",0.38058,0.23787,0.52295
"2009","Cordulia_aenea",0.28933,0.16143,0.42004
"2010","Cordulia_aenea",0.44126,0.31491,0.56759
"2011","Cordulia_aenea",0.28509,0.17538,0.38877
"2012","Cordulia_aenea",0.15264,0.04851,0.26152
"2013","Cordulia_aenea",0.63576,0.51953,0.76258
"2014","Cordulia_aenea",-0.17135,-0.27092,-0.07214
"2015","Cordulia_aenea",-0.13642,-0.23255,-0.04008
"2016","Cordulia_aenea",-0.09326,-0.19847,0.00995
"2017","Cordulia_aenea",-0.08105,-0.17508,0.01081
"2018","Cordulia_aenea",0.00971,-0.08323,0.1028
"2019","Cordulia_aenea",-0.42755,-0.52772,-0.32381
"2020","Cordulia_aenea",-0.38399,-0.48172,-0.2855
"2021","Cordulia_aenea",-0.45389,-0.56361,-0.3479
"2022","Cordulia_aenea",-0.40231,-0.51041,-0.29601
"2023","Cordulia_aenea",-0.39305,-0.50666,-0.28364
"clc_artificial_prop","Cordulia_aenea",-0.02325,-0.1225,0.08101
"clc_agriculture_prop","Cordulia_aenea",0.09565,-0.04431,0.2369
"clc_forest_prop","Cordulia_aenea",0.95332,0.79969,1.11754
"clc_vegetation_prop","Cordulia_aenea",-1.4186,-1.61589,-1.21717
"clc_bare_prop","Cordulia_aenea",0.09197,-0.17492,0.33529
"clc_coastal_wetland_prop","Cordulia_aenea",-0.22815,-0.36075,-0.10798
"clc_wetland_prop","Cordulia_aenea",0.48424,0.34245,0.63664
"clc_river_prop","Cordulia_aenea",0.04719,-0.03266,0.12751
"bio10_temp_warmQ_dC","Cordulia_aenea",-2.48124,-2.79024,-2.21494
"bio12_annual_prec_mm","Cordulia_aenea",-0.09598,-0.33462,0.1153
"bio4_sd_temp","Cordulia_aenea",2.5266,2.31672,2.74181
"bio10_temp_warmQ_dC2","Cordulia_aenea",-1.89086,-2.14571,-1.60455
"bio12_annual_prec_mm2","Cordulia_aenea",0.14938,0.07644,0.23275
"bio4_sd_temp2","Cordulia_aenea",-1.17816,-1.34696,-1.01105
"2000","Crocothemis_erythraea",-0.47271,-0.65904,-0.29379
"2001","Crocothemis_erythraea",-0.70553,-0.89001,-0.51851
"2002","Crocothemis_erythraea",-0.92758,-1.108,-0.75249
"2003","Crocothemis_erythraea",-0.15304,-0.29717,-0.00097
"2004","Crocothemis_erythraea",-0.51791,-0.66357,-0.37168
"2005","Crocothemis_erythraea",-0.31893,-0.44764,-0.18759
"2006","Crocothemis_erythraea",0.06221,-0.06418,0.18127
"2007","Crocothemis_erythraea",0.31905,0.20196,0.43068
"2008","Crocothemis_erythraea",0.46217,0.36249,0.56467
"2009","Crocothemis_erythraea",0.25745,0.16653,0.34685
"2010","Crocothemis_erythraea",-0.12639,-0.21104,-0.04153
"2011","Crocothemis_erythraea",-0.34658,-0.42846,-0.26673
"2012","Crocothemis_erythraea",-0.14655,-0.21823,-0.07241
"2013","Crocothemis_erythraea",-0.16565,-0.23791,-0.09408
"2014","Crocothemis_erythraea",-0.22981,-0.30154,-0.15673
"2015","Crocothemis_erythraea",0.05845,-0.01502,0.13236
"2016","Crocothemis_erythraea",-0.06606,-0.1348,0.00788
"2017","Crocothemis_erythraea",0.08628,0.01798,0.15852
"2018","Crocothemis_erythraea",0.4714,0.40075,0.54127
"2019","Crocothemis_erythraea",0.28358,0.20746,0.35939
"2020","Crocothemis_erythraea",0.16158,0.08442,0.24601
"2021","Crocothemis_erythraea",0.28258,0.19871,0.363
"2022","Crocothemis_erythraea",0.54138,0.45775,0.62763
"2023","Crocothemis_erythraea",0.65818,0.56555,0.75128
"clc_artificial_prop","Crocothemis_erythraea",-0.06503,-0.13782,0.00948
"clc_agriculture_prop","Crocothemis_erythraea",-0.15134,-0.25555,-0.0496
"clc_forest_prop","Crocothemis_erythraea",-0.67187,-0.79187,-0.55885
"clc_vegetation_prop","Crocothemis_erythraea",-0.17009,-0.31005,-0.03645
"clc_bare_prop","Crocothemis_erythraea",1.58116,1.38992,1.78426
"clc_coastal_wetland_prop","Crocothemis_erythraea",-0.04663,-0.137,0.03044
"clc_wetland_prop","Crocothemis_erythraea",-0.55468,-0.70069,-0.40526
"clc_river_prop","Crocothemis_erythraea",0.08222,0.02703,0.13881
"bio10_temp_warmQ_dC","Crocothemis_erythraea",5.8107,5.58202,6.07459
"bio12_annual_prec_mm","Crocothemis_erythraea",1.09429,0.91181,1.27889
"bio4_sd_temp","Crocothemis_erythraea",-0.25829,-0.45867,-0.05813
"bio10_temp_warmQ_dC2","Crocothemis_erythraea",-0.04992,-0.23587,0.15514
"bio12_annual_prec_mm2","Crocothemis_erythraea",-0.29326,-0.4035,-0.19386
"bio4_sd_temp2","Crocothemis_erythraea",-0.48742,-0.61895,-0.35712
"2000","Diplacodes_lefebvrii",-0.41341,-2.53868,1.54125
"2001","Diplacodes_lefebvrii",-3.26833,-7.35078,-0.4103
"2002","Diplacodes_lefebvrii",-3.67654,-7.67569,-0.75951
"2003","Diplacodes_lefebvrii",-1.69787,-4.50924,0.54279
"2004","Diplacodes_lefebvrii",-1.38044,-3.41554,0.53686
"2005","Diplacodes_lefebvrii",-2.81302,-5.63791,-0.53592
"2006","Diplacodes_lefebvrii",-0.06335,-1.62971,1.38838
"2007","Diplacodes_lefebvrii",-0.29138,-1.29271,0.67253
"2008","Diplacodes_lefebvrii",-0.33343,-1.6079,0.83204
"2009","Diplacodes_lefebvrii",0.42588,-0.59068,1.44624
"2010","Diplacodes_lefebvrii",0.71977,-0.06473,1.51949
"2011","Diplacodes_lefebvrii",1.68789,1.00779,2.34848
"2012","Diplacodes_lefebvrii",1.19204,0.58834,1.82939
"2013","Diplacodes_lefebvrii",0.83258,0.16758,1.48916
"2014","Diplacodes_lefebvrii",1.50115,0.9461,2.0838
"2015","Diplacodes_lefebvrii",0.89336,0.32517,1.50996
"2016","Diplacodes_lefebvrii",1.1522,0.55486,1.80455
"2017","Diplacodes_lefebvrii",1.67301,1.19032,2.23125
"2018","Diplacodes_lefebvrii",1.2087,0.68764,1.74605
"2019","Diplacodes_lefebvrii",0.48622,-0.11175,1.07425
"2020","Diplacodes_lefebvrii",1.13211,0.57434,1.73446
"2021","Diplacodes_lefebvrii",0.74452,0.21786,1.32174
"2022","Diplacodes_lefebvrii",0.63121,0.06679,1.19743
"2023","Diplacodes_lefebvrii",0.03499,-0.55972,0.63312
"clc_artificial_prop","Diplacodes_lefebvrii",-0.63482,-0.97577,-0.34025
"clc_agriculture_prop","Diplacodes_lefebvrii",0.2483,-0.27768,0.87799
"clc_forest_prop","Diplacodes_lefebvrii",0.67584,0.10064,1.31969
"clc_vegetation_prop","Diplacodes_lefebvrii",1.09892,0.68785,1.59596
"clc_bare_prop","Diplacodes_lefebvrii",-1.1487,-2.14494,-0.26891
"clc_coastal_wetland_prop","Diplacodes_lefebvrii",-0.05108,-0.33099,0.23479
"clc_wetland_prop","Diplacodes_lefebvrii",-0.35075,-2.01902,0.80314
"clc_river_prop","Diplacodes_lefebvrii",0.22947,0.02696,0.3803
"bio10_temp_warmQ_dC","Diplacodes_lefebvrii",7.10474,5.49438,8.9759
"bio12_annual_prec_mm","Diplacodes_lefebvrii",-1.78063,-2.48255,-1.0893
"bio4_sd_temp","Diplacodes_lefebvrii",-4.23306,-5.23393,-3.35448
"bio10_temp_warmQ_dC2","Diplacodes_lefebvrii",-0.42717,-1.03318,0.17939
"bio12_annual_prec_mm2","Diplacodes_lefebvrii",0.42683,0.05293,0.63936
"bio4_sd_temp2","Diplacodes_lefebvrii",0.5208,0.03679,1.0178
"2000","Enallagma_cyathigerum",1.22516,1.07278,1.39015
"2001","Enallagma_cyathigerum",0.70075,0.55538,0.85865
"2002","Enallagma_cyathigerum",0.64075,0.50424,0.7831
"2003","Enallagma_cyathigerum",0.76397,0.64531,0.89187
"2004","Enallagma_cyathigerum",0.17827,0.06462,0.30632
"2005","Enallagma_cyathigerum",0.23023,0.11813,0.34442
"2006","Enallagma_cyathigerum",0.09202,-0.01141,0.18796
"2007","Enallagma_cyathigerum",0.18175,0.09172,0.2743
"2008","Enallagma_cyathigerum",0.23345,0.1483,0.32321
"2009","Enallagma_cyathigerum",0.28785,0.20286,0.37336
"2010","Enallagma_cyathigerum",0.11843,0.04581,0.18986
"2011","Enallagma_cyathigerum",0.22539,0.16397,0.29512
"2012","Enallagma_cyathigerum",0.30292,0.24095,0.36929
"2013","Enallagma_cyathigerum",0.0806,0.01704,0.14303
"2014","Enallagma_cyathigerum",-0.03196,-0.09277,0.02991
"2015","Enallagma_cyathigerum",-0.24577,-0.309,-0.18954
"2016","Enallagma_cyathigerum",-0.23826,-0.29872,-0.17735
"2017","Enallagma_cyathigerum",-0.32822,-0.38744,-0.26394
"2018","Enallagma_cyathigerum",-0.48985,-0.55031,-0.42702
"2019","Enallagma_cyathigerum",-0.71044,-0.7779,-0.64874
"2020","Enallagma_cyathigerum",-0.60616,-0.67127,-0.54202
"2021","Enallagma_cyathigerum",-0.5802,-0.65454,-0.51457
"2022","Enallagma_cyathigerum",-0.61766,-0.69036,-0.54714
"2023","Enallagma_cyathigerum",-0.74207,-0.82051,-0.66978
"clc_artificial_prop","Enallagma_cyathigerum",0.05062,-0.00495,0.10571
"clc_agriculture_prop","Enallagma_cyathigerum",0.58163,0.51066,0.65322
"clc_forest_prop","Enallagma_cyathigerum",-0.1475,-0.22183,-0.06777
"clc_vegetation_prop","Enallagma_cyathigerum",0.13653,0.04734,0.23109
"clc_bare_prop","Enallagma_cyathigerum",-0.37945,-0.5385,-0.22947
"clc_coastal_wetland_prop","Enallagma_cyathigerum",-0.12917,-0.18855,-0.07625
"clc_wetland_prop","Enallagma_cyathigerum",-0.0492,-0.12409,0.03162
"clc_river_prop","Enallagma_cyathigerum",-0.0619,-0.10721,-0.0114
"bio10_temp_warmQ_dC","Enallagma_cyathigerum",-2.96831,-3.12051,-2.81108
"bio12_annual_prec_mm","Enallagma_cyathigerum",-0.38294,-0.49787,-0.26226
"bio4_sd_temp","Enallagma_cyathigerum",-0.61124,-0.71153,-0.50963
"bio10_temp_warmQ_dC2","Enallagma_cyathigerum",0.36107,0.25292,0.45899
"bio12_annual_prec_mm2","Enallagma_cyathigerum",0.212,0.14488,0.27186
"bio4_sd_temp2","Enallagma_cyathigerum",-0.35101,-0.42154,-0.27779
"2000","Epallage_fatime",-1.67023,-6.25532,2.61934
"2001","Epallage_fatime",-2.87738,-7.00998,0.74475
"2002","Epallage_fatime",0.02541,-5.38874,4.37552
"2003","Epallage_fatime",0.07467,-4.85124,3.91223
"2004","Epallage_fatime",-0.46169,-5.40597,3.06543
"2005","Epallage_fatime",-0.25703,-5.15729,3.30649
"2006","Epallage_fatime",-0.19333,-5.3952,3.79305
"2007","Epallage_fatime",-1.10709,-5.66833,2.00966
"2008","Epallage_fatime",-0.93164,-5.65963,2.47245
"2009","Epallage_fatime",0.35136,-3.17189,3.31518
"2010","Epallage_fatime",-0.3696,-5.5357,3.15623
"2011","Epallage_fatime",-0.81579,-5.57273,2.72186
"2012","Epallage_fatime",0.20878,-2.07106,2.67341
"2013","Epallage_fatime",2.14459,0.79612,3.57098
"2014","Epallage_fatime",1.06431,-0.17473,2.35848
"2015","Epallage_fatime",1.27515,0.07843,2.57524
"2016","Epallage_fatime",1.00813,-0.22756,2.35156
"2017","Epallage_fatime",0.50692,-0.80257,1.84231
"2018","Epallage_fatime",1.08039,-0.1192,2.25284
"2019","Epallage_fatime",2.37955,1.23601,3.62515
"2020","Epallage_fatime",1.30576,-0.33305,2.89501
"2021","Epallage_fatime",2.77631,1.63934,4.09895
"2022","Epallage_fatime",1.79405,0.55167,3.13794
"2023","Epallage_fatime",0.18276,-1.28321,1.58539
"clc_artificial_prop","Epallage_fatime",0.16964,-0.71819,0.90931
"clc_agriculture_prop","Epallage_fatime",0.01418,-1.43825,1.72787
"clc_forest_prop","Epallage_fatime",2.45609,1.25305,3.8838
"clc_vegetation_prop","Epallage_fatime",1.16137,0.09972,2.32342
"clc_bare_prop","Epallage_fatime",-0.05128,-2.04568,1.32622
"clc_coastal_wetland_prop","Epallage_fatime",-1.13551,-4.43186,0.51404
"clc_wetland_prop","Epallage_fatime",0.43408,-2.26069,1.82825
"clc_river_prop","Epallage_fatime",-2.46496,-5.59837,-0.28
"bio10_temp_warmQ_dC","Epallage_fatime",0.74915,-1.09996,2.8273
"bio12_annual_prec_mm","Epallage_fatime",-1.67259,-4.80592,0.93643
"bio4_sd_temp","Epallage_fatime",-2.18054,-4.57593,-0.18067
"bio10_temp_warmQ_dC2","Epallage_fatime",2.42448,1.48981,3.38384
"bio12_annual_prec_mm2","Epallage_fatime",-3.29397,-6.11189,-0.9373
"bio4_sd_temp2","Epallage_fatime",-1.53946,-4.63907,0.43678
"2000","Epitheca_bimaculata",-1.30582,-2.12741,-0.52634
"2001","Epitheca_bimaculata",-0.64699,-1.42782,0.07973
"2002","Epitheca_bimaculata",-0.11216,-0.85316,0.64889
"2003","Epitheca_bimaculata",-0.48079,-1.08046,0.15124
"2004","Epitheca_bimaculata",0.10974,-0.55388,0.80561
"2005","Epitheca_bimaculata",-0.17365,-0.81185,0.4903
"2006","Epitheca_bimaculata",0.03244,-0.53665,0.57236
"2007","Epitheca_bimaculata",0.38393,-0.06193,0.84039
"2008","Epitheca_bimaculata",0.07449,-0.34617,0.50592
"2009","Epitheca_bimaculata",0.70866,0.3151,1.07967
"2010","Epitheca_bimaculata",0.37986,0.02254,0.7185
"2011","Epitheca_bimaculata",0.38894,0.09046,0.67653
"2012","Epitheca_bimaculata",0.80103,0.50812,1.09305
"2013","Epitheca_bimaculata",0.86925,0.56233,1.1766
"2014","Epitheca_bimaculata",0.13521,-0.16885,0.43838
"2015","Epitheca_bimaculata",0.38706,0.10278,0.67191
"2016","Epitheca_bimaculata",0.33476,0.05851,0.61585
"2017","Epitheca_bimaculata",-0.38037,-0.67945,-0.09634
"2018","Epitheca_bimaculata",-0.04055,-0.29481,0.2241
"2019","Epitheca_bimaculata",-0.34989,-0.65417,-0.04101
"2020","Epitheca_bimaculata",-0.45673,-0.73747,-0.17769
"2021","Epitheca_bimaculata",-0.01204,-0.29174,0.27332
"2022","Epitheca_bimaculata",-0.33145,-0.61148,-0.05013
"2023","Epitheca_bimaculata",0.23942,-0.03789,0.50973
"clc_artificial_prop","Epitheca_bimaculata",-0.1387,-0.48195,0.25838
"clc_agriculture_prop","Epitheca_bimaculata",2.53019,1.65128,3.56486
"clc_forest_prop","Epitheca_bimaculata",3.10444,2.3665,3.97075
"clc_vegetation_prop","Epitheca_bimaculata",-2.19681,-3.36972,-1.11307
"clc_bare_prop","Epitheca_bimaculata",-3.49104,-6.57305,-0.67754
"clc_coastal_wetland_prop","Epitheca_bimaculata",-0.95494,-2.72438,0.14552
"clc_wetland_prop","Epitheca_bimaculata",1.32767,0.94221,1.78853
"clc_river_prop","Epitheca_bimaculata",-0.06343,-0.28146,0.12947
"bio10_temp_warmQ_dC","Epitheca_bimaculata",2.45002,1.71688,3.17194
"bio12_annual_prec_mm","Epitheca_bimaculata",-0.04303,-0.44116,0.33058
"bio4_sd_temp","Epitheca_bimaculata",3.01764,2.60175,3.50171
"bio10_temp_warmQ_dC2","Epitheca_bimaculata",-3.82296,-4.76414,-2.98127
"bio12_annual_prec_mm2","Epitheca_bimaculata",-0.52925,-0.95782,-0.13565
"bio4_sd_temp2","Epitheca_bimaculata",-0.11489,-0.47351,0.23197
"2000","Erythromma_lindenii",0.18511,-0.04266,0.43518
"2001","Erythromma_lindenii",-0.25582,-0.53423,0.00775
"2002","Erythromma_lindenii",0.26186,0.03855,0.49021
"2003","Erythromma_lindenii",0.50744,0.31083,0.71306
"2004","Erythromma_lindenii",0.51967,0.34181,0.71954
"2005","Erythromma_lindenii",0.42761,0.25826,0.59863
"2006","Erythromma_lindenii",0.13086,-0.04222,0.30242
"2007","Erythromma_lindenii",0.38985,0.22434,0.54047
"2008","Erythromma_lindenii",0.03174,-0.11965,0.18941
"2009","Erythromma_lindenii",0.08616,-0.04561,0.21214
"2010","Erythromma_lindenii",0.03068,-0.08807,0.14502
"2011","Erythromma_lindenii",0.0685,-0.03833,0.18201
"2012","Erythromma_lindenii",-0.03224,-0.13109,0.06281
"2013","Erythromma_lindenii",-0.207,-0.30254,-0.11084
"2014","Erythromma_lindenii",-0.05349,-0.14874,0.03974
"2015","Erythromma_lindenii",-0.0679,-0.16211,0.02786
"2016","Erythromma_lindenii",-0.22183,-0.31628,-0.12494
"2017","Erythromma_lindenii",-0.08826,-0.18162,0.00269
"2018","Erythromma_lindenii",-0.24233,-0.33162,-0.15452
"2019","Erythromma_lindenii",-0.09648,-0.18887,-0.00122
"2020","Erythromma_lindenii",-0.16733,-0.26359,-0.07371
"2021","Erythromma_lindenii",-0.20076,-0.3027,-0.10194
"2022","Erythromma_lindenii",-0.20104,-0.30671,-0.09393
"2023","Erythromma_lindenii",-0.1773,-0.28585,-0.06669
"clc_artificial_prop","Erythromma_lindenii",-0.53451,-0.63101,-0.44034
"clc_agriculture_prop","Erythromma_lindenii",0.43394,0.2897,0.59417
"clc_forest_prop","Erythromma_lindenii",-0.12954,-0.27929,0.0369
"clc_vegetation_prop","Erythromma_lindenii",0.16129,-0.00838,0.32703
"clc_bare_prop","Erythromma_lindenii",1.85712,1.56585,2.11122
"clc_coastal_wetland_prop","Erythromma_lindenii",-0.46701,-0.59791,-0.34769
"clc_wetland_prop","Erythromma_lindenii",-1.43297,-1.7491,-1.1253
"clc_river_prop","Erythromma_lindenii",0.11773,0.03747,0.19601
"bio10_temp_warmQ_dC","Erythromma_lindenii",5.94698,5.60656,6.30739
"bio12_annual_prec_mm","Erythromma_lindenii",1.52997,1.28961,1.76535
"bio4_sd_temp","Erythromma_lindenii",-1.80372,-2.06718,-1.54128
"bio10_temp_warmQ_dC2","Erythromma_lindenii",-1.50052,-1.69998,-1.30728
"bio12_annual_prec_mm2","Erythromma_lindenii",-0.44359,-0.58776,-0.31199
"bio4_sd_temp2","Erythromma_lindenii",-1.60355,-1.80689,-1.40398
"2000","Erythromma_najas",0.70957,0.51961,0.89487
"2001","Erythromma_najas",0.57021,0.38153,0.75615
"2002","Erythromma_najas",0.4091,0.22151,0.58004
"2003","Erythromma_najas",0.62374,0.46725,0.78879
"2004","Erythromma_najas",0.09329,-0.05689,0.24753
"2005","Erythromma_najas",0.00292,-0.13295,0.13742
"2006","Erythromma_najas",0.14082,0.00829,0.26323
"2007","Erythromma_najas",-0.03453,-0.1493,0.08607
"2008","Erythromma_najas",0.13961,0.03581,0.25033
"2009","Erythromma_najas",0.4188,0.32351,0.5187
"2010","Erythromma_najas",0.35761,0.26202,0.45272
"2011","Erythromma_najas",0.35875,0.27256,0.4474
"2012","Erythromma_najas",0.19669,0.10693,0.28675
"2013","Erythromma_najas",0.12189,0.03201,0.21791
"2014","Erythromma_najas",0.06484,-0.02091,0.15456
"2015","Erythromma_najas",0.05702,-0.02339,0.14183
"2016","Erythromma_najas",-0.23481,-0.32129,-0.15013
"2017","Erythromma_najas",-0.09365,-0.17793,-0.01296
"2018","Erythromma_najas",-0.03946,-0.11603,0.03849
"2019","Erythromma_najas",-0.40886,-0.49513,-0.3247
"2020","Erythromma_najas",-0.75725,-0.84585,-0.67536
"2021","Erythromma_najas",-0.64162,-0.73601,-0.54967
"2022","Erythromma_najas",-0.59944,-0.69549,-0.50538
"2023","Erythromma_najas",-0.58819,-0.68546,-0.48671
"clc_artificial_prop","Erythromma_najas",0.38805,0.30963,0.47842
"clc_agriculture_prop","Erythromma_najas",0.7011,0.57231,0.84128
"clc_forest_prop","Erythromma_najas",0.50157,0.3545,0.6471
"clc_vegetation_prop","Erythromma_najas",-1.45014,-1.70067,-1.20567
"clc_bare_prop","Erythromma_najas",-0.84843,-1.19934,-0.51892
"clc_coastal_wetland_prop","Erythromma_najas",-0.03044,-0.12969,0.07713
"clc_wetland_prop","Erythromma_najas",0.64527,0.51538,0.77292
"clc_river_prop","Erythromma_najas",0.09308,0.03108,0.15465
"bio10_temp_warmQ_dC","Erythromma_najas",-2.3657,-2.62324,-2.12641
"bio12_annual_prec_mm","Erythromma_najas",-1.40892,-1.59948,-1.23105
"bio4_sd_temp","Erythromma_najas",1.50949,1.33738,1.68388
"bio10_temp_warmQ_dC2","Erythromma_najas",-2.78715,-3.09541,-2.46471
"bio12_annual_prec_mm2","Erythromma_najas",0.21899,0.1303,0.30102
"bio4_sd_temp2","Erythromma_najas",-0.32607,-0.44932,-0.21085
"2000","Erythromma_viridulum",-0.16326,-0.39078,0.0727
"2001","Erythromma_viridulum",-0.28423,-0.50705,-0.06907
"2002","Erythromma_viridulum",-0.06309,-0.26542,0.13514
"2003","Erythromma_viridulum",0.46196,0.29008,0.63973
"2004","Erythromma_viridulum",0.58257,0.42004,0.75809
"2005","Erythromma_viridulum",0.36186,0.20786,0.52891
"2006","Erythromma_viridulum",0.53261,0.38955,0.6851
"2007","Erythromma_viridulum",0.68915,0.54756,0.82805
"2008","Erythromma_viridulum",0.01913,-0.11093,0.15123
"2009","Erythromma_viridulum",0.08333,-0.03253,0.20497
"2010","Erythromma_viridulum",-0.12837,-0.23723,-0.02251
"2011","Erythromma_viridulum",-0.19364,-0.29955,-0.08951
"2012","Erythromma_viridulum",-0.47319,-0.56205,-0.37807
"2013","Erythromma_viridulum",-0.37161,-0.45805,-0.28464
"2014","Erythromma_viridulum",-0.07387,-0.16863,0.02304
"2015","Erythromma_viridulum",-0.03772,-0.13197,0.05368
"2016","Erythromma_viridulum",-0.10565,-0.20007,-0.01522
"2017","Erythromma_viridulum",-0.0734,-0.16391,0.02188
"2018","Erythromma_viridulum",0.04467,-0.04868,0.13983
"2019","Erythromma_viridulum",-0.03391,-0.12113,0.06334
"2020","Erythromma_viridulum",-0.17516,-0.27223,-0.07845
"2021","Erythromma_viridulum",-0.23307,-0.33045,-0.13301
"2022","Erythromma_viridulum",-0.07216,-0.17852,0.03282
"2023","Erythromma_viridulum",-0.04144,-0.15114,0.07826
"clc_artificial_prop","Erythromma_viridulum",0.35089,0.28595,0.41903
"clc_agriculture_prop","Erythromma_viridulum",0.37818,0.28357,0.46771
"clc_forest_prop","Erythromma_viridulum",-0.89498,-1.00425,-0.78644
"clc_vegetation_prop","Erythromma_viridulum",-0.50207,-0.62608,-0.37605
"clc_bare_prop","Erythromma_viridulum",0.68342,0.47115,0.88876
"clc_coastal_wetland_prop","Erythromma_viridulum",0.07545,0.00301,0.14631
"clc_wetland_prop","Erythromma_viridulum",-0.21077,-0.32801,-0.08257
"clc_river_prop","Erythromma_viridulum",0.11645,0.06614,0.17338
"bio10_temp_warmQ_dC","Erythromma_viridulum",2.20761,1.97004,2.41909
"bio12_annual_prec_mm","Erythromma_viridulum",-0.28752,-0.44106,-0.13492
"bio4_sd_temp","Erythromma_viridulum",-0.03268,-0.19042,0.13191
"bio10_temp_warmQ_dC2","Erythromma_viridulum",-1.07584,-1.2303,-0.93091
"bio12_annual_prec_mm2","Erythromma_viridulum",0.18269,0.104,0.25869
"bio4_sd_temp2","Erythromma_viridulum",-0.82093,-0.94276,-0.69505
"2000","Gomphus_graslinii",-0.40291,-1.23321,0.41378
"2001","Gomphus_graslinii",-0.09387,-0.95604,0.6805
"2002","Gomphus_graslinii",0.16773,-0.54212,0.85024
"2003","Gomphus_graslinii",0.48221,-0.13522,1.06878
"2004","Gomphus_graslinii",1.02395,0.50476,1.57904
"2005","Gomphus_graslinii",0.49841,-0.04685,1.06401
"2006","Gomphus_graslinii",-0.146,-0.79643,0.47785
"2007","Gomphus_graslinii",0.07305,-0.50096,0.62564
"2008","Gomphus_graslinii",0.48349,-0.00084,0.99048
"2009","Gomphus_graslinii",0.0826,-0.47198,0.65064
"2010","Gomphus_graslinii",0.09695,-0.33344,0.52168
"2011","Gomphus_graslinii",0.22267,-0.16241,0.59138
"2012","Gomphus_graslinii",0.67062,0.39147,0.97713
"2013","Gomphus_graslinii",0.65375,0.34355,0.96676
"2014","Gomphus_graslinii",0.80811,0.52063,1.08421
"2015","Gomphus_graslinii",0.86111,0.60415,1.11917
"2016","Gomphus_graslinii",0.32323,0.0442,0.59212
"2017","Gomphus_graslinii",-0.13038,-0.41546,0.18701
"2018","Gomphus_graslinii",0.16344,-0.10356,0.4246
"2019","Gomphus_graslinii",-0.01538,-0.29107,0.2657
"2020","Gomphus_graslinii",-0.79352,-1.13197,-0.48333
"2021","Gomphus_graslinii",-0.91237,-1.24921,-0.58791
"2022","Gomphus_graslinii",-1.11682,-1.47568,-0.78514
"2023","Gomphus_graslinii",-1.36549,-1.75769,-0.97074
"clc_artificial_prop","Gomphus_graslinii",-0.77583,-1.14971,-0.39582
"clc_agriculture_prop","Gomphus_graslinii",2.09071,1.43714,2.85204
"clc_forest_prop","Gomphus_graslinii",0.9383,0.335,1.58399
"clc_vegetation_prop","Gomphus_graslinii",1.88999,1.3831,2.49105
"clc_bare_prop","Gomphus_graslinii",-3.61686,-5.7004,-1.84974
"clc_coastal_wetland_prop","Gomphus_graslinii",0.11004,-0.30469,0.4989
"clc_wetland_prop","Gomphus_graslinii",-0.84134,-2.30407,0.35106
"clc_river_prop","Gomphus_graslinii",0.25903,0.06594,0.39559
"bio10_temp_warmQ_dC","Gomphus_graslinii",13.24683,11.56218,14.87803
"bio12_annual_prec_mm","Gomphus_graslinii",1.75141,1.23001,2.33692
"bio4_sd_temp","Gomphus_graslinii",-4.37898,-5.32121,-3.44491
"bio10_temp_warmQ_dC2","Gomphus_graslinii",-5.02427,-5.86088,-4.25358
"bio12_annual_prec_mm2","Gomphus_graslinii",-0.61136,-1.05678,-0.24355
"bio4_sd_temp2","Gomphus_graslinii",-2.80732,-3.69998,-1.98914
"2000","Gomphus_pulchellus",0.83935,0.56532,1.14556
"2001","Gomphus_pulchellus",0.96393,0.68595,1.24366
"2002","Gomphus_pulchellus",0.95902,0.69618,1.22565
"2003","Gomphus_pulchellus",0.78389,0.54138,1.02183
"2004","Gomphus_pulchellus",0.95179,0.71959,1.20353
"2005","Gomphus_pulchellus",0.65149,0.43938,0.85664
"2006","Gomphus_pulchellus",0.47536,0.26634,0.68405
"2007","Gomphus_pulchellus",0.46892,0.27172,0.6714
"2008","Gomphus_pulchellus",0.06811,-0.11566,0.262
"2009","Gomphus_pulchellus",0.32992,0.17144,0.48776
"2010","Gomphus_pulchellus",0.28701,0.13645,0.43462
"2011","Gomphus_pulchellus",0.37179,0.24698,0.49944
"2012","Gomphus_pulchellus",-0.00227,-0.1344,0.12846
"2013","Gomphus_pulchellus",0.1822,0.05392,0.30493
"2014","Gomphus_pulchellus",-0.18453,-0.30316,-0.07208
"2015","Gomphus_pulchellus",-0.2173,-0.33527,-0.09476
"2016","Gomphus_pulchellus",-0.47529,-0.5884,-0.35078
"2017","Gomphus_pulchellus",-0.57284,-0.68377,-0.45391
"2018","Gomphus_pulchellus",-0.53399,-0.65168,-0.42208
"2019","Gomphus_pulchellus",-0.404,-0.52852,-0.28765
"2020","Gomphus_pulchellus",-0.85899,-0.98099,-0.73609
"2021","Gomphus_pulchellus",-0.76193,-0.89847,-0.63545
"2022","Gomphus_pulchellus",-0.99043,-1.11746,-0.8654
"2023","Gomphus_pulchellus",-0.81437,-0.95493,-0.69201
"clc_artificial_prop","Gomphus_pulchellus",-0.58194,-0.72496,-0.45492
"clc_agriculture_prop","Gomphus_pulchellus",1.11856,0.9213,1.35319
"clc_forest_prop","Gomphus_pulchellus",0.564,0.35376,0.78063
"clc_vegetation_prop","Gomphus_pulchellus",0.60996,0.3591,0.85057
"clc_bare_prop","Gomphus_pulchellus",0.34018,-0.1136,0.80305
"clc_coastal_wetland_prop","Gomphus_pulchellus",-0.36357,-0.54264,-0.2022
"clc_wetland_prop","Gomphus_pulchellus",-1.64387,-2.10233,-1.21882
"clc_river_prop","Gomphus_pulchellus",-0.0357,-0.16712,0.08037
"bio10_temp_warmQ_dC","Gomphus_pulchellus",4.54746,4.13555,4.96625
"bio12_annual_prec_mm","Gomphus_pulchellus",1.91835,1.62805,2.23267
"bio4_sd_temp","Gomphus_pulchellus",-3.91407,-4.31454,-3.49913
"bio10_temp_warmQ_dC2","Gomphus_pulchellus",-1.94059,-2.2027,-1.67618
"bio12_annual_prec_mm2","Gomphus_pulchellus",-0.84064,-1.07205,-0.6052
"bio4_sd_temp2","Gomphus_pulchellus",-2.88606,-3.18838,-2.60371
"2000","Gomphus_simillimus",-0.02974,-0.51803,0.4479
"2001","Gomphus_simillimus",0.96182,0.45452,1.42538
"2002","Gomphus_simillimus",0.59965,0.12797,1.04665
"2003","Gomphus_simillimus",0.60187,0.2007,1.02402
"2004","Gomphus_simillimus",0.85381,0.50295,1.2218
"2005","Gomphus_simillimus",0.35576,-0.0072,0.73177
"2006","Gomphus_simillimus",0.33226,-0.1008,0.73411
"2007","Gomphus_simillimus",-0.12207,-0.51474,0.27888
"2008","Gomphus_simillimus",0.63764,0.32168,0.97068
"2009","Gomphus_simillimus",-0.11159,-0.48918,0.24047
"2010","Gomphus_simillimus",0.01073,-0.27723,0.28776
"2011","Gomphus_simillimus",0.1122,-0.13242,0.36098
"2012","Gomphus_simillimus",0.52935,0.31608,0.72539
"2013","Gomphus_simillimus",0.37606,0.15719,0.57436
"2014","Gomphus_simillimus",0.29609,0.10314,0.49323
"2015","Gomphus_simillimus",0.32866,0.13342,0.51869
"2016","Gomphus_simillimus",-0.21783,-0.42015,0.00344
"2017","Gomphus_simillimus",-0.10893,-0.30253,0.08266
"2018","Gomphus_simillimus",-0.22005,-0.41729,-0.0071
"2019","Gomphus_simillimus",-0.34321,-0.54657,-0.13677
"2020","Gomphus_simillimus",-0.71218,-0.9252,-0.50241
"2021","Gomphus_simillimus",-0.98419,-1.2171,-0.75385
"2022","Gomphus_simillimus",-0.62509,-0.84967,-0.40568
"2023","Gomphus_simillimus",-1.04663,-1.30716,-0.80938
"clc_artificial_prop","Gomphus_simillimus",-0.62018,-0.80097,-0.43487
"clc_agriculture_prop","Gomphus_simillimus",0.44531,0.17941,0.72355
"clc_forest_prop","Gomphus_simillimus",0.67797,0.40625,0.95748
"clc_vegetation_prop","Gomphus_simillimus",0.54142,0.28397,0.80099
"clc_bare_prop","Gomphus_simillimus",0.29414,-0.25969,0.87939
"clc_coastal_wetland_prop","Gomphus_simillimus",-0.28538,-0.52774,-0.07951
"clc_wetland_prop","Gomphus_simillimus",-1.1613,-1.9099,-0.49973
"clc_river_prop","Gomphus_simillimus",0.12105,0.01134,0.22001
"bio10_temp_warmQ_dC","Gomphus_simillimus",9.66445,8.828,10.58531
"bio12_annual_prec_mm","Gomphus_simillimus",0.06999,-0.25842,0.4303
"bio4_sd_temp","Gomphus_simillimus",-2.49743,-2.96663,-2.04295
"bio10_temp_warmQ_dC2","Gomphus_simillimus",-3.89017,-4.37144,-3.46201
"bio12_annual_prec_mm2","Gomphus_simillimus",0.31641,0.14161,0.46112
"bio4_sd_temp2","Gomphus_simillimus",-1.4508,-1.85332,-1.08323
"2000","Gomphus_vulgatissimus",-0.02741,-0.31007,0.2687
"2001","Gomphus_vulgatissimus",0.31518,0.0477,0.61783
"2002","Gomphus_vulgatissimus",0.68112,0.42235,0.95076
"2003","Gomphus_vulgatissimus",0.2811,0.03404,0.51781
"2004","Gomphus_vulgatissimus",0.53824,0.31067,0.76766
"2005","Gomphus_vulgatissimus",0.81964,0.60395,1.03564
"2006","Gomphus_vulgatissimus",0.33901,0.13954,0.55684
"2007","Gomphus_vulgatissimus",-0.15218,-0.34364,0.04237
"2008","Gomphus_vulgatissimus",0.1977,0.02203,0.37739
"2009","Gomphus_vulgatissimus",0.1687,0.00523,0.3299
"2010","Gomphus_vulgatissimus",0.25324,0.11642,0.39508
"2011","Gomphus_vulgatissimus",0.40545,0.27725,0.52984
"2012","Gomphus_vulgatissimus",0.15821,0.03067,0.28223
"2013","Gomphus_vulgatissimus",0.17893,0.05851,0.3037
"2014","Gomphus_vulgatissimus",0.17171,0.05355,0.29101
"2015","Gomphus_vulgatissimus",-0.1209,-0.22973,-0.00645
"2016","Gomphus_vulgatissimus",-0.55658,-0.67975,-0.4289
"2017","Gomphus_vulgatissimus",-0.24512,-0.35464,-0.13437
"2018","Gomphus_vulgatissimus",-0.20234,-0.31716,-0.09675
"2019","Gomphus_vulgatissimus",-0.49497,-0.61163,-0.37233
"2020","Gomphus_vulgatissimus",-0.26917,-0.38103,-0.16614
"2021","Gomphus_vulgatissimus",-0.45136,-0.57835,-0.32787
"2022","Gomphus_vulgatissimus",-0.50068,-0.62554,-0.37727
"2023","Gomphus_vulgatissimus",-0.54709,-0.68189,-0.41754
"clc_artificial_prop","Gomphus_vulgatissimus",-0.37687,-0.49423,-0.25233
"clc_agriculture_prop","Gomphus_vulgatissimus",1.14185,0.93791,1.35217
"clc_forest_prop","Gomphus_vulgatissimus",1.02505,0.83418,1.23976
"clc_vegetation_prop","Gomphus_vulgatissimus",-1.22379,-1.47896,-0.96679
"clc_bare_prop","Gomphus_vulgatissimus",0.36481,-0.1199,0.80988
"clc_coastal_wetland_prop","Gomphus_vulgatissimus",-1.25122,-1.68576,-0.85478
"clc_wetland_prop","Gomphus_vulgatissimus",0.25966,0.09076,0.4575
"clc_river_prop","Gomphus_vulgatissimus",0.06097,-0.02813,0.13897
"bio10_temp_warmQ_dC","Gomphus_vulgatissimus",2.98859,2.65079,3.35647
"bio12_annual_prec_mm","Gomphus_vulgatissimus",0.44257,0.22281,0.67771
"bio4_sd_temp","Gomphus_vulgatissimus",2.17134,1.97024,2.38113
"bio10_temp_warmQ_dC2","Gomphus_vulgatissimus",-2.68704,-2.98324,-2.41049
"bio12_annual_prec_mm2","Gomphus_vulgatissimus",-0.276,-0.43949,-0.12248
"bio4_sd_temp2","Gomphus_vulgatissimus",0.03023,-0.13242,0.173
"2000","Ischnura_elegans",1.82142,1.60856,2.04565
"2001","Ischnura_elegans",1.37473,1.18197,1.57513
"2002","Ischnura_elegans",1.30795,1.12217,1.49412
"2003","Ischnura_elegans",1.25985,1.09082,1.43626
"2004","Ischnura_elegans",0.96905,0.8173,1.13292
"2005","Ischnura_elegans",0.82808,0.69457,0.9755
"2006","Ischnura_elegans",0.38818,0.26571,0.50895
"2007","Ischnura_elegans",0.5083,0.40235,0.62203
"2008","Ischnura_elegans",0.30517,0.19995,0.4147
"2009","Ischnura_elegans",0.03413,-0.05828,0.12905
"2010","Ischnura_elegans",-0.27023,-0.3477,-0.18826
"2011","Ischnura_elegans",-0.25654,-0.33582,-0.18051
"2012","Ischnura_elegans",-0.21029,-0.28434,-0.14027
"2013","Ischnura_elegans",-0.44703,-0.52166,-0.37829
"2014","Ischnura_elegans",-0.35868,-0.43117,-0.28477
"2015","Ischnura_elegans",-0.43116,-0.50022,-0.36348
"2016","Ischnura_elegans",-0.4531,-0.52337,-0.37821
"2017","Ischnura_elegans",-0.69024,-0.75615,-0.62194
"2018","Ischnura_elegans",-0.79172,-0.85598,-0.7239
"2019","Ischnura_elegans",-0.88355,-0.95049,-0.81503
"2020","Ischnura_elegans",-0.88566,-0.95472,-0.81696
"2021","Ischnura_elegans",-0.78319,-0.85839,-0.71664
"2022","Ischnura_elegans",-0.88075,-0.95584,-0.80876
"2023","Ischnura_elegans",-0.79047,-0.86884,-0.71146
"clc_artificial_prop","Ischnura_elegans",0.38474,0.32056,0.45952
"clc_agriculture_prop","Ischnura_elegans",0.90014,0.81202,0.97918
"clc_forest_prop","Ischnura_elegans",-0.89128,-0.98496,-0.79909
"clc_vegetation_prop","Ischnura_elegans",-1.18584,-1.28662,-1.07734
"clc_bare_prop","Ischnura_elegans",0.34533,0.20307,0.47422
"clc_coastal_wetland_prop","Ischnura_elegans",0.30079,0.22196,0.38295
"clc_wetland_prop","Ischnura_elegans",0.05159,-0.03144,0.1365
"clc_river_prop","Ischnura_elegans",0.08778,0.01591,0.20379
"bio10_temp_warmQ_dC","Ischnura_elegans",0.10736,-0.02558,0.2573
"bio12_annual_prec_mm","Ischnura_elegans",0.65148,0.52107,0.78937
"bio4_sd_temp","Ischnura_elegans",-0.33139,-0.45699,-0.20254
"bio10_temp_warmQ_dC2","Ischnura_elegans",-0.77496,-0.87709,-0.67354
"bio12_annual_prec_mm2","Ischnura_elegans",-0.06231,-0.10854,-0.01645
"bio4_sd_temp2","Ischnura_elegans",-0.29942,-0.38226,-0.22477
"2000","Ischnura_genei",0.01641,-3.07121,2.60031
"2001","Ischnura_genei",0.29385,-1.91232,2.42745
"2002","Ischnura_genei",1.79851,-0.12645,3.54281
"2003","Ischnura_genei",1.44193,-0.2256,3.19954
"2004","Ischnura_genei",-0.75555,-2.7481,1.44316
"2005","Ischnura_genei",0.07671,-2.43051,2.12857
"2006","Ischnura_genei",0.62608,-1.56748,2.45401
"2007","Ischnura_genei",-0.7536,-2.40232,0.89279
"2008","Ischnura_genei",1.6554,0.3949,2.90307
"2009","Ischnura_genei",1.67529,0.51263,2.72863
"2010","Ischnura_genei",-0.37005,-2.39682,1.26821
"2011","Ischnura_genei",-0.08585,-1.46543,1.1899
"2012","Ischnura_genei",-2.75728,-4.38762,-1.19996
"2013","Ischnura_genei",-0.15576,-1.42812,1.14475
"2014","Ischnura_genei",-0.70715,-2.11549,0.56037
"2015","Ischnura_genei",-0.06714,-1.10378,0.86652
"2016","Ischnura_genei",-0.94468,-2.06902,0.20122
"2017","Ischnura_genei",-0.97882,-1.9862,-0.06477
"2018","Ischnura_genei",0.08547,-0.70801,0.96708
"2019","Ischnura_genei",0.65637,-0.10068,1.46443
"2020","Ischnura_genei",0.10579,-0.87402,1.07197
"2021","Ischnura_genei",-0.82472,-1.72082,0.07389
"2022","Ischnura_genei",-0.32748,-1.22741,0.60968
"2023","Ischnura_genei",0.26691,-0.54519,1.14951
"clc_artificial_prop","Ischnura_genei",-0.74956,-1.5265,-0.07925
"clc_agriculture_prop","Ischnura_genei",-0.10846,-1.15594,0.98025
"clc_forest_prop","Ischnura_genei",-0.72751,-1.88326,0.51516
"clc_vegetation_prop","Ischnura_genei",2.31988,1.5417,3.12837
"clc_bare_prop","Ischnura_genei",1.93157,0.74904,3.09945
"clc_coastal_wetland_prop","Ischnura_genei",-0.47912,-1.4188,0.27981
"clc_wetland_prop","Ischnura_genei",-0.05589,-2.57385,1.69287
"clc_river_prop","Ischnura_genei",-2.00272,-3.49185,-0.74989
"bio10_temp_warmQ_dC","Ischnura_genei",9.3957,6.8288,12.30375
"bio12_annual_prec_mm","Ischnura_genei",-2.20934,-4.61749,-0.10841
"bio4_sd_temp","Ischnura_genei",-12.46241,-15.28207,-9.83288
"bio10_temp_warmQ_dC2","Ischnura_genei",-0.80717,-2.14102,0.40254
"bio12_annual_prec_mm2","Ischnura_genei",-3.8752,-6.08941,-1.79224
"bio4_sd_temp2","Ischnura_genei",-8.11378,-10.68237,-5.71387
"2000","Ischnura_graellsii",0.52218,-0.60619,1.52764
"2001","Ischnura_graellsii",1.05931,0.28781,1.89853
"2002","Ischnura_graellsii",0.01701,-0.78895,0.81647
"2003","Ischnura_graellsii",2.15387,1.55244,2.74598
"2004","Ischnura_graellsii",0.70963,0.2499,1.17976
"2005","Ischnura_graellsii",1.20704,0.81791,1.61673
"2006","Ischnura_graellsii",0.87866,0.52146,1.24242
"2007","Ischnura_graellsii",1.71545,1.31667,2.06988
"2008","Ischnura_graellsii",0.59716,0.25842,0.95662
"2009","Ischnura_graellsii",0.69954,0.35396,1.04321
"2010","Ischnura_graellsii",0.82609,0.52819,1.12435
"2011","Ischnura_graellsii",0.47641,0.18673,0.78989
"2012","Ischnura_graellsii",-0.16112,-0.47457,0.16968
"2013","Ischnura_graellsii",-0.18323,-0.49552,0.13678
"2014","Ischnura_graellsii",-0.27321,-0.55095,0.01848
"2015","Ischnura_graellsii",-0.60738,-0.85917,-0.35511
"2016","Ischnura_graellsii",-0.66303,-0.93022,-0.4225
"2017","Ischnura_graellsii",-0.61742,-0.83238,-0.40328
"2018","Ischnura_graellsii",-0.5755,-0.8267,-0.32405
"2019","Ischnura_graellsii",-0.94623,-1.21412,-0.66937
"2020","Ischnura_graellsii",-1.31505,-1.587,-1.04956
"2021","Ischnura_graellsii",-1.05916,-1.31748,-0.81322
"2022","Ischnura_graellsii",-1.17603,-1.44465,-0.89649
"2023","Ischnura_graellsii",-1.70667,-1.98742,-1.44652
"clc_artificial_prop","Ischnura_graellsii",-2.11757,-2.49713,-1.754
"clc_agriculture_prop","Ischnura_graellsii",0.22273,-0.27932,0.73743
"clc_forest_prop","Ischnura_graellsii",1.37965,0.83893,1.92411
"clc_vegetation_prop","Ischnura_graellsii",3.26697,2.81456,3.72268
"clc_bare_prop","Ischnura_graellsii",0.63437,-0.01718,1.31575
"clc_coastal_wetland_prop","Ischnura_graellsii",-0.62983,-1.02534,-0.28026
"clc_wetland_prop","Ischnura_graellsii",-2.78981,-4.08961,-1.59787
"clc_river_prop","Ischnura_graellsii",0.06962,-0.35978,0.36842
"bio10_temp_warmQ_dC","Ischnura_graellsii",8.73503,7.80399,9.77727
"bio12_annual_prec_mm","Ischnura_graellsii",-1.74141,-2.38146,-1.2002
"bio4_sd_temp","Ischnura_graellsii",-2.68,-3.41552,-2.00498
"bio10_temp_warmQ_dC2","Ischnura_graellsii",-0.59911,-1.09087,-0.14315
"bio12_annual_prec_mm2","Ischnura_graellsii",0.54024,0.37067,0.70508
"bio4_sd_temp2","Ischnura_graellsii",1.76002,1.29984,2.22744
"2000","Ischnura_pumilio",0.34639,0.1373,0.55355
"2001","Ischnura_pumilio",0.31104,0.09655,0.51896
"2002","Ischnura_pumilio",0.57376,0.38821,0.77554
"2003","Ischnura_pumilio",0.50857,0.33949,0.66988
"2004","Ischnura_pumilio",0.12513,-0.03342,0.30641
"2005","Ischnura_pumilio",0.42285,0.27445,0.56596
"2006","Ischnura_pumilio",0.17328,0.0353,0.31347
"2007","Ischnura_pumilio",1.10463,0.97343,1.22722
"2008","Ischnura_pumilio",0.66377,0.55446,0.7788
"2009","Ischnura_pumilio",0.29197,0.18142,0.40596
"2010","Ischnura_pumilio",-0.07106,-0.1745,0.03207
"2011","Ischnura_pumilio",0.04365,-0.04801,0.13909
"2012","Ischnura_pumilio",0.52855,0.43956,0.61316
"2013","Ischnura_pumilio",0.15565,0.07296,0.23951
"2014","Ischnura_pumilio",-0.08577,-0.17601,-0.00291
"2015","Ischnura_pumilio",-0.00197,-0.08314,0.08376
"2016","Ischnura_pumilio",-0.06053,-0.14404,0.02359
"2017","Ischnura_pumilio",-0.71159,-0.79882,-0.62145
"2018","Ischnura_pumilio",-0.38015,-0.46284,-0.29578
"2019","Ischnura_pumilio",-0.69301,-0.78896,-0.59988
"2020","Ischnura_pumilio",-0.70868,-0.80497,-0.61388
"2021","Ischnura_pumilio",-0.5568,-0.65419,-0.46389
"2022","Ischnura_pumilio",-0.8071,-0.90558,-0.7004
"2023","Ischnura_pumilio",-0.95714,-1.06017,-0.85405
"clc_artificial_prop","Ischnura_pumilio",-0.04822,-0.1124,0.01253
"clc_agriculture_prop","Ischnura_pumilio",0.20132,0.11969,0.29033
"clc_forest_prop","Ischnura_pumilio",-0.63001,-0.73099,-0.53902
"clc_vegetation_prop","Ischnura_pumilio",0.07398,-0.04102,0.19105
"clc_bare_prop","Ischnura_pumilio",0.8372,0.68006,0.99674
"clc_coastal_wetland_prop","Ischnura_pumilio",0.05207,-0.00844,0.12024
"clc_wetland_prop","Ischnura_pumilio",-0.53276,-0.65196,-0.41164
"clc_river_prop","Ischnura_pumilio",0.04833,-0.00747,0.09311
"bio10_temp_warmQ_dC","Ischnura_pumilio",1.81632,1.63885,2.01712
"bio12_annual_prec_mm","Ischnura_pumilio",0.78896,0.65555,0.92643
"bio4_sd_temp","Ischnura_pumilio",1.12923,0.99226,1.24483
"bio10_temp_warmQ_dC2","Ischnura_pumilio",-0.92763,-1.05122,-0.80259
"bio12_annual_prec_mm2","Ischnura_pumilio",-0.05914,-0.11858,0.003
"bio4_sd_temp2","Ischnura_pumilio",-0.20088,-0.29419,-0.11041
"2000","Lestes_barbarus",1.04192,0.85872,1.20936
"2001","Lestes_barbarus",0.24589,-0.02888,0.48725
"2002","Lestes_barbarus",0.29236,0.08611,0.48549
"2003","Lestes_barbarus",-0.0469,-0.22753,0.12438
"2004","Lestes_barbarus",0.26873,0.09239,0.45151
"2005","Lestes_barbarus",0.66748,0.50865,0.79552
"2006","Lestes_barbarus",1.16504,1.01596,1.30982
"2007","Lestes_barbarus",0.99998,0.86659,1.11901
"2008","Lestes_barbarus",0.18924,0.05668,0.30262
"2009","Lestes_barbarus",-0.26223,-0.37882,-0.10894
"2010","Lestes_barbarus",0.16043,0.0542,0.26061
"2011","Lestes_barbarus",-0.4061,-0.51878,-0.30377
"2012","Lestes_barbarus",-0.27684,-0.357,-0.17324
"2013","Lestes_barbarus",-0.2245,-0.31788,-0.13164
"2014","Lestes_barbarus",-0.6442,-0.75243,-0.54516
"2015","Lestes_barbarus",-1.12437,-1.2261,-1.02257
"2016","Lestes_barbarus",-0.65055,-0.74581,-0.5449
"2017","Lestes_barbarus",-1.10677,-1.21205,-0.99925
"2018","Lestes_barbarus",-0.2249,-0.33499,-0.13881
"2019","Lestes_barbarus",-0.43098,-0.56885,-0.32917
"2020","Lestes_barbarus",0.09826,-0.01925,0.19637
"2021","Lestes_barbarus",0.42852,0.30607,0.53018
"2022","Lestes_barbarus",-1.03411,-1.19285,-0.92454
"2023","Lestes_barbarus",0.25883,0.13176,0.36894
"clc_artificial_prop","Lestes_barbarus",-0.27191,-0.35872,-0.17847
"clc_agriculture_prop","Lestes_barbarus",-0.06646,-0.21297,0.06266
"clc_forest_prop","Lestes_barbarus",-0.75562,-0.89455,-0.60487
"clc_vegetation_prop","Lestes_barbarus",0.07378,-0.06242,0.23238
"clc_bare_prop","Lestes_barbarus",1.06387,0.73463,1.37516
"clc_coastal_wetland_prop","Lestes_barbarus",0.28314,0.18856,0.36043
"clc_wetland_prop","Lestes_barbarus",-0.47602,-0.64615,-0.29599
"clc_river_prop","Lestes_barbarus",0.14545,0.06889,0.20852
"bio10_temp_warmQ_dC","Lestes_barbarus",4.37224,4.12087,4.69109
"bio12_annual_prec_mm","Lestes_barbarus",-0.59047,-0.74828,-0.36011
"bio4_sd_temp","Lestes_barbarus",-0.51427,-0.73994,-0.27577
"bio10_temp_warmQ_dC2","Lestes_barbarus",-2.09494,-2.28479,-1.92999
"bio12_annual_prec_mm2","Lestes_barbarus",0.04704,-0.10542,0.18288
"bio4_sd_temp2","Lestes_barbarus",-0.7343,-0.87447,-0.55651
"2000","Lestes_dryas",0.32036,0.04863,0.56631
"2001","Lestes_dryas",0.11322,-0.13641,0.37396
"2002","Lestes_dryas",0.36189,0.13313,0.58755
"2003","Lestes_dryas",0.13975,-0.06492,0.34211
"2004","Lestes_dryas",0.08453,-0.13392,0.29927
"2005","Lestes_dryas",0.36978,0.18525,0.57316
"2006","Lestes_dryas",0.24307,0.07199,0.40656
"2007","Lestes_dryas",0.54068,0.38362,0.69638
"2008","Lestes_dryas",0.19141,0.04844,0.34372
"2009","Lestes_dryas",-0.23906,-0.38618,-0.09871
"2010","Lestes_dryas",0.29683,0.18019,0.4178
"2011","Lestes_dryas",0.0804,-0.04316,0.20411
"2012","Lestes_dryas",0.06279,-0.05644,0.18352
"2013","Lestes_dryas",0.05331,-0.06378,0.16761
"2014","Lestes_dryas",0.01608,-0.09937,0.13264
"2015","Lestes_dryas",-0.38901,-0.50834,-0.26817
"2016","Lestes_dryas",0.01473,-0.1034,0.13017
"2017","Lestes_dryas",-0.46005,-0.57901,-0.34489
"2018","Lestes_dryas",-0.22572,-0.34013,-0.11166
"2019","Lestes_dryas",-0.35206,-0.47099,-0.23305
"2020","Lestes_dryas",-0.32865,-0.44901,-0.21037
"2021","Lestes_dryas",0.02447,-0.08621,0.13872
"2022","Lestes_dryas",-0.7615,-0.89674,-0.6273
"2023","Lestes_dryas",-0.1899,-0.32316,-0.05648
"clc_artificial_prop","Lestes_dryas",-0.47727,-0.5829,-0.37298
"clc_agriculture_prop","Lestes_dryas",-0.41712,-0.5584,-0.28554
"clc_forest_prop","Lestes_dryas",-0.28203,-0.42797,-0.13987
"clc_vegetation_prop","Lestes_dryas",0.74749,0.5843,0.91496
"clc_bare_prop","Lestes_dryas",1.04681,0.82224,1.27404
"clc_coastal_wetland_prop","Lestes_dryas",-0.06822,-0.17782,0.04952
"clc_wetland_prop","Lestes_dryas",-0.58464,-0.7657,-0.40519
"clc_river_prop","Lestes_dryas",0.03837,-0.04777,0.13162
"bio10_temp_warmQ_dC","Lestes_dryas",0.66755,0.42568,0.93059
"bio12_annual_prec_mm","Lestes_dryas",-0.64322,-0.87396,-0.39519
"bio4_sd_temp","Lestes_dryas",0.25652,0.01412,0.46917
"bio10_temp_warmQ_dC2","Lestes_dryas",-1.69583,-1.8995,-1.49902
"bio12_annual_prec_mm2","Lestes_dryas",-0.17894,-0.31967,-0.03924
"bio4_sd_temp2","Lestes_dryas",-0.86963,-1.02117,-0.71344
"2000","Lestes_macrostigma",-2.94743,-4.57219,-1.59198
"2001","Lestes_macrostigma",-2.73523,-4.34805,-1.46002
"2002","Lestes_macrostigma",-3.02122,-5.10902,-1.31865
"2003","Lestes_macrostigma",-2.7478,-4.69266,-1.34388
"2004","Lestes_macrostigma",-0.90476,-2.06728,0.10731
"2005","Lestes_macrostigma",-0.21843,-1.08504,0.70235
"2006","Lestes_macrostigma",0.16021,-0.94524,1.39815
"2007","Lestes_macrostigma",0.81893,0.0264,1.65027
"2008","Lestes_macrostigma",2.02192,1.24732,2.79229
"2009","Lestes_macrostigma",1.11141,0.39195,1.83368
"2010","Lestes_macrostigma",1.64502,1.03581,2.25376
"2011","Lestes_macrostigma",1.86428,1.33163,2.39477
"2012","Lestes_macrostigma",0.6783,0.11891,1.25386
"2013","Lestes_macrostigma",0.73015,0.14746,1.33321
"2014","Lestes_macrostigma",1.22732,0.71585,1.76479
"2015","Lestes_macrostigma",1.15319,0.58827,1.72522
"2016","Lestes_macrostigma",-0.42108,-1.0438,0.23218
"2017","Lestes_macrostigma",0.09996,-0.50227,0.7296
"2018","Lestes_macrostigma",2.66614,2.19447,3.14807
"2019","Lestes_macrostigma",0.18915,-0.35721,0.73608
"2020","Lestes_macrostigma",0.28618,-0.32755,0.85684
"2021","Lestes_macrostigma",-0.63217,-1.31201,-0.0164
"2022","Lestes_macrostigma",-0.78709,-1.48322,-0.09954
"2023","Lestes_macrostigma",-0.49156,-1.17372,0.1344
"clc_artificial_prop","Lestes_macrostigma",-0.33144,-0.6602,-0.02174
"clc_agriculture_prop","Lestes_macrostigma",-0.65619,-1.10899,-0.2208
"clc_forest_prop","Lestes_macrostigma",-0.96501,-1.62012,-0.3506
"clc_vegetation_prop","Lestes_macrostigma",0.21449,-0.23771,0.67397
"clc_bare_prop","Lestes_macrostigma",0.61776,-0.1027,1.27217
"clc_coastal_wetland_prop","Lestes_macrostigma",0.60792,0.41616,0.8028
"clc_wetland_prop","Lestes_macrostigma",0.61664,-0.08906,1.17024
"clc_river_prop","Lestes_macrostigma",-0.04477,-0.42374,0.22086
"bio10_temp_warmQ_dC","Lestes_macrostigma",5.74758,4.17379,7.39683
"bio12_annual_prec_mm","Lestes_macrostigma",-1.84663,-3.16175,-0.71094
"bio4_sd_temp","Lestes_macrostigma",-2.10173,-3.12209,-1.14787
"bio10_temp_warmQ_dC2","Lestes_macrostigma",-0.6092,-1.3006,0.05921
"bio12_annual_prec_mm2","Lestes_macrostigma",-0.4178,-1.4155,0.34783
"bio4_sd_temp2","Lestes_macrostigma",0.18777,-0.48691,0.76915
"2000","Lestes_sponsa",1.40085,0.65112,1.62819
"2001","Lestes_sponsa",0.88265,0.64086,1.08322
"2002","Lestes_sponsa",0.71677,0.56334,0.90938
"2003","Lestes_sponsa",0.85515,0.55669,1.01678
"2004","Lestes_sponsa",0.51902,0.35929,0.68603
"2005","Lestes_sponsa",0.45156,0.34619,0.61387
"2006","Lestes_sponsa",0.56401,0.31322,0.71977
"2007","Lestes_sponsa",0.40902,0.22342,0.54922
"2008","Lestes_sponsa",0.22926,0.14277,0.36861
"2009","Lestes_sponsa",0.11234,0.03374,0.22791
"2010","Lestes_sponsa",0.1767,0.11087,0.29263
"2011","Lestes_sponsa",0.07418,-0.11403,0.17619
"2012","Lestes_sponsa",0.2021,0.10636,0.26381
"2013","Lestes_sponsa",0.08709,-0.00384,0.17438
"2014","Lestes_sponsa",-0.07278,-0.1311,0.02432
"2015","Lestes_sponsa",-0.30271,-0.40323,-0.23205
"2016","Lestes_sponsa",-0.20865,-0.3086,-0.08474
"2017","Lestes_sponsa",-0.40292,-0.50244,-0.22205
"2018","Lestes_sponsa",-0.36139,-0.45314,-0.30104
"2019","Lestes_sponsa",-0.71028,-0.80346,-0.38264
"2020","Lestes_sponsa",-0.90086,-0.99536,-0.59135
"2021","Lestes_sponsa",-0.73494,-0.83199,-0.3791
"2022","Lestes_sponsa",-0.97376,-1.08359,-0.60254
"2023","Lestes_sponsa",-1.01404,-1.1299,-0.61859
"clc_artificial_prop","Lestes_sponsa",0.0511,-0.03375,0.16136
"clc_agriculture_prop","Lestes_sponsa",0.55778,0.26685,0.69269
"clc_forest_prop","Lestes_sponsa",0.24952,-0.00515,0.39365
"clc_vegetation_prop","Lestes_sponsa",0.00823,-0.18261,0.48972
"clc_bare_prop","Lestes_sponsa",-1.94138,-2.18711,-1.37091
"clc_coastal_wetland_prop","Lestes_sponsa",0.10817,0.02678,0.21805
"clc_wetland_prop","Lestes_sponsa",0.9161,0.60923,1.11503
"clc_river_prop","Lestes_sponsa",-0.00811,-0.06026,0.07318
"bio10_temp_warmQ_dC","Lestes_sponsa",-5.00355,-5.32433,-3.96634
"bio12_annual_prec_mm","Lestes_sponsa",-0.92673,-1.15139,-0.42198
"bio4_sd_temp","Lestes_sponsa",0.90677,0.71918,1.12089
"bio10_temp_warmQ_dC2","Lestes_sponsa",-0.02924,-0.51122,0.21535
"bio12_annual_prec_mm2","Lestes_sponsa",0.25488,0.02064,0.37613
"bio4_sd_temp2","Lestes_sponsa",0.03069,-0.09492,0.18999
"2000","Lestes_virens",-0.44912,-0.68346,-0.21354
"2001","Lestes_virens",-0.28323,-0.5181,-0.02372
"2002","Lestes_virens",-0.25268,-0.4664,-0.04257
"2003","Lestes_virens",-0.10748,-0.28324,0.10075
"2004","Lestes_virens",-0.10132,-0.29132,0.07224
"2005","Lestes_virens",-0.00197,-0.17292,0.17298
"2006","Lestes_virens",0.26048,0.11622,0.42189
"2007","Lestes_virens",0.22601,0.07252,0.38466
"2008","Lestes_virens",-0.02975,-0.15212,0.10371
"2009","Lestes_virens",-0.08758,-0.20378,0.03533
"2010","Lestes_virens",0.24979,0.13642,0.35737
"2011","Lestes_virens",-0.09864,-0.21667,0.02508
"2012","Lestes_virens",0.12154,0.00649,0.23178
"2013","Lestes_virens",0.26341,0.14954,0.39396
"2014","Lestes_virens",0.08591,-0.0055,0.18345
"2015","Lestes_virens",-0.20447,-0.32227,-0.09955
"2016","Lestes_virens",0.20979,0.09788,0.33653
"2017","Lestes_virens",-0.24309,-0.36221,-0.12984
"2018","Lestes_virens",0.09306,-0.00547,0.17714
"2019","Lestes_virens",-0.04617,-0.16327,0.06256
"2020","Lestes_virens",0.13093,0.02527,0.24382
"2021","Lestes_virens",0.35796,0.25548,0.45456
"2022","Lestes_virens",-0.35735,-0.47585,-0.24406
"2023","Lestes_virens",0.09647,-0.0178,0.20443
"clc_artificial_prop","Lestes_virens",-0.33472,-0.42637,-0.24502
"clc_agriculture_prop","Lestes_virens",-0.25094,-0.35775,-0.13993
"clc_forest_prop","Lestes_virens",-0.04281,-0.16313,0.07491
"clc_vegetation_prop","Lestes_virens",0.44223,0.30724,0.60006
"clc_bare_prop","Lestes_virens",0.60197,0.38551,0.84806
"clc_coastal_wetland_prop","Lestes_virens",-0.21693,-0.32205,-0.11512
"clc_wetland_prop","Lestes_virens",-0.2558,-0.43372,-0.09269
"clc_river_prop","Lestes_virens",0.05027,-0.01249,0.11546
"bio10_temp_warmQ_dC","Lestes_virens",2.96741,2.40719,3.30701
"bio12_annual_prec_mm","Lestes_virens",-0.58154,-0.78789,-0.39199
"bio4_sd_temp","Lestes_virens",-0.62453,-0.84356,-0.40973
"bio10_temp_warmQ_dC2","Lestes_virens",-1.51099,-1.72488,-1.21182
"bio12_annual_prec_mm2","Lestes_virens",0.01707,-0.11685,0.12686
"bio4_sd_temp2","Lestes_virens",-1.25797,-1.45438,-0.94478
"2000","Leucorrhinia_albifrons",-1.46795,-2.22116,-0.70561
"2001","Leucorrhinia_albifrons",-1.6059,-2.35029,-0.88592
"2002","Leucorrhinia_albifrons",-2.31536,-3.06198,-1.60906
"2003","Leucorrhinia_albifrons",-1.39794,-2.05221,-0.77077
"2004","Leucorrhinia_albifrons",-1.23017,-1.9478,-0.56584
"2005","Leucorrhinia_albifrons",-0.43048,-0.99349,0.10684
"2006","Leucorrhinia_albifrons",0.88681,0.49172,1.27283
"2007","Leucorrhinia_albifrons",0.58243,0.19471,0.95117
"2008","Leucorrhinia_albifrons",0.42344,0.09293,0.76076
"2009","Leucorrhinia_albifrons",0.87202,0.5526,1.18997
"2010","Leucorrhinia_albifrons",0.15225,-0.14004,0.43818
"2011","Leucorrhinia_albifrons",0.28433,-0.01251,0.58807
"2012","Leucorrhinia_albifrons",0.74494,0.46597,0.99559
"2013","Leucorrhinia_albifrons",0.57781,0.301,0.8653
"2014","Leucorrhinia_albifrons",0.21758,-0.08129,0.50325
"2015","Leucorrhinia_albifrons",0.66105,0.37304,0.9379
"2016","Leucorrhinia_albifrons",0.656,0.37682,0.92376
"2017","Leucorrhinia_albifrons",0.1656,-0.14052,0.47415
"2018","Leucorrhinia_albifrons",0.77242,0.5163,1.0332
"2019","Leucorrhinia_albifrons",0.45917,0.18767,0.73816
"2020","Leucorrhinia_albifrons",0.21875,-0.04311,0.48135
"2021","Leucorrhinia_albifrons",0.10361,-0.16037,0.38203
"2022","Leucorrhinia_albifrons",0.22852,-0.0626,0.50111
"2023","Leucorrhinia_albifrons",0.36158,0.07253,0.64444
"clc_artificial_prop","Leucorrhinia_albifrons",-0.20883,-0.43588,0.00129
"clc_agriculture_prop","Leucorrhinia_albifrons",-1.42837,-1.728,-1.15351
"clc_forest_prop","Leucorrhinia_albifrons",1.02705,0.77444,1.28311
"clc_vegetation_prop","Leucorrhinia_albifrons",-0.42444,-0.7928,-0.0728
"clc_bare_prop","Leucorrhinia_albifrons",1.16101,0.69553,1.59333
"clc_coastal_wetland_prop","Leucorrhinia_albifrons",-0.12629,-0.41534,0.11899
"clc_wetland_prop","Leucorrhinia_albifrons",0.15803,-0.09919,0.41026
"clc_river_prop","Leucorrhinia_albifrons",-0.14438,-0.35312,0.03873
"bio10_temp_warmQ_dC","Leucorrhinia_albifrons",0.13172,-0.34869,0.58696
"bio12_annual_prec_mm","Leucorrhinia_albifrons",-1.77755,-2.23992,-1.36112
"bio4_sd_temp","Leucorrhinia_albifrons",1.89659,1.45869,2.31294
"bio10_temp_warmQ_dC2","Leucorrhinia_albifrons",-2.12311,-2.69022,-1.62358
"bio12_annual_prec_mm2","Leucorrhinia_albifrons",0.21965,-0.02592,0.40699
"bio4_sd_temp2","Leucorrhinia_albifrons",-0.3655,-0.65798,-0.08406
"2000","Leucorrhinia_caudalis",-1.90408,-2.73812,-1.11757
"2001","Leucorrhinia_caudalis",-1.59025,-2.40022,-0.82335
"2002","Leucorrhinia_caudalis",-1.72569,-2.50799,-1.02476
"2003","Leucorrhinia_caudalis",-1.81348,-2.53949,-1.13545
"2004","Leucorrhinia_caudalis",-1.59415,-2.31363,-0.90304
"2005","Leucorrhinia_caudalis",-1.34299,-2.00389,-0.70267
"2006","Leucorrhinia_caudalis",-0.26237,-0.76274,0.22753
"2007","Leucorrhinia_caudalis",-0.29378,-0.71452,0.12175
"2008","Leucorrhinia_caudalis",-0.57612,-0.99995,-0.16779
"2009","Leucorrhinia_caudalis",0.08609,-0.26749,0.43814
"2010","Leucorrhinia_caudalis",0.06404,-0.25819,0.38414
"2011","Leucorrhinia_caudalis",0.89331,0.61336,1.18406
"2012","Leucorrhinia_caudalis",0.76431,0.49992,1.03933
"2013","Leucorrhinia_caudalis",0.93931,0.65767,1.22607
"2014","Leucorrhinia_caudalis",0.83517,0.57542,1.10985
"2015","Leucorrhinia_caudalis",0.85631,0.58842,1.12852
"2016","Leucorrhinia_caudalis",0.55118,0.28011,0.81929
"2017","Leucorrhinia_caudalis",0.73298,0.49254,1.00425
"2018","Leucorrhinia_caudalis",1.32442,1.08964,1.5632
"2019","Leucorrhinia_caudalis",0.84327,0.58425,1.10066
"2020","Leucorrhinia_caudalis",0.80067,0.5356,1.07339
"2021","Leucorrhinia_caudalis",0.86981,0.60774,1.13597
"2022","Leucorrhinia_caudalis",0.70079,0.41952,0.97554
"2023","Leucorrhinia_caudalis",0.85603,0.56745,1.14599
"clc_artificial_prop","Leucorrhinia_caudalis",0.06429,-0.1349,0.26922
"clc_agriculture_prop","Leucorrhinia_caudalis",-0.87424,-1.20079,-0.49805
"clc_forest_prop","Leucorrhinia_caudalis",1.48215,1.12542,1.84986
"clc_vegetation_prop","Leucorrhinia_caudalis",-2.10697,-2.83484,-1.46811
"clc_bare_prop","Leucorrhinia_caudalis",0.45457,-0.60772,1.29623
"clc_coastal_wetland_prop","Leucorrhinia_caudalis",-0.20841,-0.50712,0.07034
"clc_wetland_prop","Leucorrhinia_caudalis",1.15097,0.89203,1.425
"clc_river_prop","Leucorrhinia_caudalis",0.08231,-0.05267,0.20275
"bio10_temp_warmQ_dC","Leucorrhinia_caudalis",3.14962,2.4728,3.92991
"bio12_annual_prec_mm","Leucorrhinia_caudalis",-2.04688,-2.56541,-1.56559
"bio4_sd_temp","Leucorrhinia_caudalis",2.28858,1.90313,2.71621
"bio10_temp_warmQ_dC2","Leucorrhinia_caudalis",-6.7068,-7.83336,-5.65682
"bio12_annual_prec_mm2","Leucorrhinia_caudalis",-1.19835,-1.83979,-0.62187
"bio4_sd_temp2","Leucorrhinia_caudalis",0.71373,0.42823,0.9906
"2000","Leucorrhinia_dubia",0.53471,0.24173,0.84835
"2001","Leucorrhinia_dubia",0.29764,0.01482,0.58576
"2002","Leucorrhinia_dubia",0.18135,-0.11141,0.47171
"2003","Leucorrhinia_dubia",0.7663,0.51723,1.01373
"2004","Leucorrhinia_dubia",0.05739,-0.19216,0.29332
"2005","Leucorrhinia_dubia",0.14465,-0.07543,0.36455
"2006","Leucorrhinia_dubia",0.25708,0.06324,0.46129
"2007","Leucorrhinia_dubia",0.16333,-0.01979,0.34953
"2008","Leucorrhinia_dubia",0.49466,0.32414,0.66462
"2009","Leucorrhinia_dubia",0.33274,0.1872,0.47889
"2010","Leucorrhinia_dubia",0.10105,-0.05333,0.24362
"2011","Leucorrhinia_dubia",-0.04706,-0.20077,0.10069
"2012","Leucorrhinia_dubia",0.39148,0.24619,0.53511
"2013","Leucorrhinia_dubia",0.38377,0.25151,0.52249
"2014","Leucorrhinia_dubia",-0.07739,-0.21946,0.07526
"2015","Leucorrhinia_dubia",0.10627,-0.04214,0.26189
"2016","Leucorrhinia_dubia",-0.01205,-0.15924,0.13611
"2017","Leucorrhinia_dubia",-0.02208,-0.16792,0.11956
"2018","Leucorrhinia_dubia",0.10358,-0.03998,0.24667
"2019","Leucorrhinia_dubia",-0.74912,-0.89926,-0.59096
"2020","Leucorrhinia_dubia",-0.66553,-0.82172,-0.50992
"2021","Leucorrhinia_dubia",-0.79579,-0.9511,-0.63417
"2022","Leucorrhinia_dubia",-0.64234,-0.79646,-0.47703
"2023","Leucorrhinia_dubia",-0.67896,-0.84822,-0.50783
"clc_artificial_prop","Leucorrhinia_dubia",0.28555,0.12882,0.4462
"clc_agriculture_prop","Leucorrhinia_dubia",0.09764,-0.11245,0.34151
"clc_forest_prop","Leucorrhinia_dubia",0.57783,0.38768,0.78008
"clc_vegetation_prop","Leucorrhinia_dubia",-0.36312,-0.63787,-0.08902
"clc_bare_prop","Leucorrhinia_dubia",-1.56286,-1.87352,-1.24593
"clc_coastal_wetland_prop","Leucorrhinia_dubia",0.37671,0.18508,0.55744
"clc_wetland_prop","Leucorrhinia_dubia",0.45502,0.29066,0.61763
"clc_river_prop","Leucorrhinia_dubia",0.12944,0.02226,0.2328
"bio10_temp_warmQ_dC","Leucorrhinia_dubia",-9.64759,-10.42181,-8.94604
"bio12_annual_prec_mm","Leucorrhinia_dubia",0.95658,0.61443,1.27188
"bio4_sd_temp","Leucorrhinia_dubia",3.5646,3.26033,3.90283
"bio10_temp_warmQ_dC2","Leucorrhinia_dubia",-1.33266,-1.93555,-0.74301
"bio12_annual_prec_mm2","Leucorrhinia_dubia",0.05374,-0.04288,0.16773
"bio4_sd_temp2","Leucorrhinia_dubia",-1.54096,-1.75828,-1.3532
"2000","Leucorrhinia_pectoralis",0.22554,-0.1592,0.60384
"2001","Leucorrhinia_pectoralis",-0.89794,-1.34631,-0.43684
"2002","Leucorrhinia_pectoralis",-0.80019,-1.24038,-0.38707
"2003","Leucorrhinia_pectoralis",0.12596,-0.19482,0.44426
"2004","Leucorrhinia_pectoralis",-1.21476,-1.64258,-0.79744
"2005","Leucorrhinia_pectoralis",-0.7333,-1.06923,-0.42761
"2006","Leucorrhinia_pectoralis",0.04074,-0.20119,0.28122
"2007","Leucorrhinia_pectoralis",-0.26187,-0.49701,-0.02929
"2008","Leucorrhinia_pectoralis",0.36267,0.18098,0.55288
"2009","Leucorrhinia_pectoralis",-0.35187,-0.55843,-0.14344
"2010","Leucorrhinia_pectoralis",-0.03912,-0.21917,0.13896
"2011","Leucorrhinia_pectoralis",-0.04871,-0.21716,0.11038
"2012","Leucorrhinia_pectoralis",1.59211,1.43031,1.74269
"2013","Leucorrhinia_pectoralis",0.40121,0.24601,0.55267
"2014","Leucorrhinia_pectoralis",0.77266,0.63742,0.92141
"2015","Leucorrhinia_pectoralis",-0.06764,-0.22636,0.09573
"2016","Leucorrhinia_pectoralis",0.56015,0.40967,0.70611
"2017","Leucorrhinia_pectoralis",-0.05906,-0.21444,0.09983
"2018","Leucorrhinia_pectoralis",1.29963,1.15972,1.44717
"2019","Leucorrhinia_pectoralis",-0.45405,-0.61784,-0.29304
"2020","Leucorrhinia_pectoralis",-0.16045,-0.31687,-0.00349
"2021","Leucorrhinia_pectoralis",-0.19596,-0.36532,-0.03802
"2022","Leucorrhinia_pectoralis",-0.10581,-0.2721,0.06479
"2023","Leucorrhinia_pectoralis",0.1639,-0.01319,0.33058
"clc_artificial_prop","Leucorrhinia_pectoralis",0.21834,0.07889,0.35047
"clc_agriculture_prop","Leucorrhinia_pectoralis",-0.53066,-0.73215,-0.32001
"clc_forest_prop","Leucorrhinia_pectoralis",-0.21711,-0.41473,-0.01301
"clc_vegetation_prop","Leucorrhinia_pectoralis",-0.76236,-1.13908,-0.4161
"clc_bare_prop","Leucorrhinia_pectoralis",0.2373,-0.28696,0.69783
"clc_coastal_wetland_prop","Leucorrhinia_pectoralis",0.13992,-0.01729,0.30101
"clc_wetland_prop","Leucorrhinia_pectoralis",0.87297,0.67337,1.073
"clc_river_prop","Leucorrhinia_pectoralis",0.05211,-0.03221,0.13834
"bio10_temp_warmQ_dC","Leucorrhinia_pectoralis",-1.05142,-1.48245,-0.64828
"bio12_annual_prec_mm","Leucorrhinia_pectoralis",-1.43985,-1.74636,-1.12249
"bio4_sd_temp","Leucorrhinia_pectoralis",2.63676,2.32461,2.97353
"bio10_temp_warmQ_dC2","Leucorrhinia_pectoralis",-4.19841,-4.84207,-3.59498
"bio12_annual_prec_mm2","Leucorrhinia_pectoralis",0.23052,0.05533,0.37448
"bio4_sd_temp2","Leucorrhinia_pectoralis",-2.10572,-2.3782,-1.84877
"2000","Leucorrhinia_rubicunda",1.06359,0.70863,1.40085
"2001","Leucorrhinia_rubicunda",0.31879,-0.06842,0.68597
"2002","Leucorrhinia_rubicunda",0.11668,-0.22848,0.43513
"2003","Leucorrhinia_rubicunda",1.01176,0.72222,1.28389
"2004","Leucorrhinia_rubicunda",-0.54146,-0.85427,-0.21648
"2005","Leucorrhinia_rubicunda",-0.08055,-0.37643,0.18233
"2006","Leucorrhinia_rubicunda",0.33221,0.09763,0.58232
"2007","Leucorrhinia_rubicunda",-0.32276,-0.53474,-0.09947
"2008","Leucorrhinia_rubicunda",0.77868,0.58342,0.96214
"2009","Leucorrhinia_rubicunda",0.57969,0.40852,0.7391
"2010","Leucorrhinia_rubicunda",0.32578,0.13266,0.51843
"2011","Leucorrhinia_rubicunda",0.80994,0.6447,0.97358
"2012","Leucorrhinia_rubicunda",1.02634,0.84865,1.197
"2013","Leucorrhinia_rubicunda",1.29286,1.11549,1.47512
"2014","Leucorrhinia_rubicunda",0.38371,0.21146,0.56038
"2015","Leucorrhinia_rubicunda",0.49701,0.32199,0.67656
"2016","Leucorrhinia_rubicunda",0.44136,0.25212,0.62147
"2017","Leucorrhinia_rubicunda",-0.02588,-0.21265,0.17095
"2018","Leucorrhinia_rubicunda",0.57503,0.39096,0.76264
"2019","Leucorrhinia_rubicunda",-1.21892,-1.43914,-0.99595
"2020","Leucorrhinia_rubicunda",-1.189,-1.39567,-0.98135
"2021","Leucorrhinia_rubicunda",-1.44982,-1.67747,-1.22952
"2022","Leucorrhinia_rubicunda",-1.20438,-1.42217,-0.98073
"2023","Leucorrhinia_rubicunda",-1.75105,-1.98626,-1.5016
"clc_artificial_prop","Leucorrhinia_rubicunda",0.19947,0.0257,0.38849
"clc_agriculture_prop","Leucorrhinia_rubicunda",-0.55905,-0.83239,-0.27173
"clc_forest_prop","Leucorrhinia_rubicunda",-0.45298,-0.72393,-0.19025
"clc_vegetation_prop","Leucorrhinia_rubicunda",0.16721,-0.31397,0.60934
"clc_bare_prop","Leucorrhinia_rubicunda",-1.34496,-1.81028,-0.87911
"clc_coastal_wetland_prop","Leucorrhinia_rubicunda",0.45052,0.26469,0.64054
"clc_wetland_prop","Leucorrhinia_rubicunda",1.35227,1.0877,1.67459
"clc_river_prop","Leucorrhinia_rubicunda",0.18538,0.06352,0.30099
"bio10_temp_warmQ_dC","Leucorrhinia_rubicunda",-10.85685,-11.99732,-9.83868
"bio12_annual_prec_mm","Leucorrhinia_rubicunda",-3.09256,-3.64047,-2.56307
"bio4_sd_temp","Leucorrhinia_rubicunda",4.94477,4.48095,5.43204
"bio10_temp_warmQ_dC2","Leucorrhinia_rubicunda",-4.11998,-4.91461,-3.30036
"bio12_annual_prec_mm2","Leucorrhinia_rubicunda",-1.69639,-2.18935,-1.20532
"bio4_sd_temp2","Leucorrhinia_rubicunda",-1.03484,-1.35809,-0.72455
"2000","Libellula_depressa",0.25306,0.06828,0.44636
"2001","Libellula_depressa",0.14652,-0.02759,0.32753
"2002","Libellula_depressa",-0.10328,-0.27163,0.06066
"2003","Libellula_depressa",0.15134,0.01158,0.30406
"2004","Libellula_depressa",0.07857,-0.06943,0.23453
"2005","Libellula_depressa",0.2761,0.14679,0.41563
"2006","Libellula_depressa",0.07524,-0.0439,0.19412
"2007","Libellula_depressa",0.17528,0.05823,0.28991
"2008","Libellula_depressa",-0.00772,-0.10813,0.09526
"2009","Libellula_depressa",0.1865,0.08796,0.28828
"2010","Libellula_depressa",0.09282,-2e-04,0.18607
"2011","Libellula_depressa",0.26925,0.18131,0.35991
"2012","Libellula_depressa",-0.09957,-0.18772,-0.01551
"2013","Libellula_depressa",0.1258,0.03995,0.21378
"2014","Libellula_depressa",-0.12658,-0.20672,-0.04389
"2015","Libellula_depressa",0.0085,-0.07693,0.09915
"2016","Libellula_depressa",-0.45692,-0.53911,-0.3731
"2017","Libellula_depressa",-0.48562,-0.56132,-0.40904
"2018","Libellula_depressa",0.20313,0.1221,0.28655
"2019","Libellula_depressa",-0.1145,-0.19585,-0.03614
"2020","Libellula_depressa",-0.00249,-0.07587,0.07676
"2021","Libellula_depressa",-0.32173,-0.39695,-0.24041
"2022","Libellula_depressa",-0.05087,-0.13378,0.03218
"2023","Libellula_depressa",-0.12317,-0.20764,-0.04234
"clc_artificial_prop","Libellula_depressa",-0.0896,-0.15521,-0.02701
"clc_agriculture_prop","Libellula_depressa",0.45735,0.37225,0.55147
"clc_forest_prop","Libellula_depressa",-0.75715,-0.8507,-0.6572
"clc_vegetation_prop","Libellula_depressa",0.12972,0.01455,0.24325
"clc_bare_prop","Libellula_depressa",1.33147,1.16709,1.49976
"clc_coastal_wetland_prop","Libellula_depressa",-0.13096,-0.19526,-0.05841
"clc_wetland_prop","Libellula_depressa",-0.76562,-0.86958,-0.66487
"clc_river_prop","Libellula_depressa",-0.1784,-0.23699,-0.12251
"bio10_temp_warmQ_dC","Libellula_depressa",1.06141,0.87455,1.22833
"bio12_annual_prec_mm","Libellula_depressa",1.44921,1.29159,1.60982
"bio4_sd_temp","Libellula_depressa",0.84785,0.71802,0.98684
"bio10_temp_warmQ_dC2","Libellula_depressa",-2.20084,-2.3417,-2.06258
"bio12_annual_prec_mm2","Libellula_depressa",-0.54592,-0.6258,-0.46865
"bio4_sd_temp2","Libellula_depressa",-1.03037,-1.11907,-0.94502
"2000","Libellula_fulva",-0.47408,-0.72003,-0.24323
"2001","Libellula_fulva",-0.71978,-0.9662,-0.46765
"2002","Libellula_fulva",-0.78309,-1.01704,-0.52869
"2003","Libellula_fulva",-0.29394,-0.49999,-0.10384
"2004","Libellula_fulva",-0.42675,-0.62835,-0.21769
"2005","Libellula_fulva",-0.08326,-0.26996,0.10279
"2006","Libellula_fulva",-0.57554,-0.75836,-0.38946
"2007","Libellula_fulva",-0.28246,-0.44653,-0.12486
"2008","Libellula_fulva",-0.15074,-0.30517,0.00576
"2009","Libellula_fulva",0.0483,-0.08684,0.17365
"2010","Libellula_fulva",0.19909,0.08148,0.31503
"2011","Libellula_fulva",0.29392,0.18898,0.41045
"2012","Libellula_fulva",0.0519,-0.05287,0.15375
"2013","Libellula_fulva",0.29166,0.18952,0.39643
"2014","Libellula_fulva",-0.05621,-0.1533,0.04375
"2015","Libellula_fulva",0.09353,-0.00692,0.19024
"2016","Libellula_fulva",-0.21307,-0.31909,-0.10386
"2017","Libellula_fulva",0.2176,0.11606,0.31316
"2018","Libellula_fulva",0.27311,0.18061,0.36351
"2019","Libellula_fulva",0.31201,0.21092,0.41169
"2020","Libellula_fulva",0.07678,-0.02724,0.18311
"2021","Libellula_fulva",0.45833,0.34828,0.56725
"2022","Libellula_fulva",0.35349,0.24229,0.45949
"2023","Libellula_fulva",0.9382,0.82639,1.05718
"clc_artificial_prop","Libellula_fulva",0.17512,0.06005,0.28119
"clc_agriculture_prop","Libellula_fulva",0.12831,-0.02942,0.27284
"clc_forest_prop","Libellula_fulva",-0.62186,-0.79931,-0.46274
"clc_vegetation_prop","Libellula_fulva",-1.50289,-1.74815,-1.28617
"clc_bare_prop","Libellula_fulva",2.23426,1.9045,2.58959
"clc_coastal_wetland_prop","Libellula_fulva",-0.31963,-0.44583,-0.19887
"clc_wetland_prop","Libellula_fulva",-0.11995,-0.31731,0.0587
"clc_river_prop","Libellula_fulva",0.03569,-0.06316,0.12628
"bio10_temp_warmQ_dC","Libellula_fulva",4.15392,3.80541,4.50418
"bio12_annual_prec_mm","Libellula_fulva",1.42158,1.15578,1.68192
"bio4_sd_temp","Libellula_fulva",0.39046,0.16174,0.61824
"bio10_temp_warmQ_dC2","Libellula_fulva",-2.33144,-2.59046,-2.09775
"bio12_annual_prec_mm2","Libellula_fulva",-0.50757,-0.68815,-0.32057
"bio4_sd_temp2","Libellula_fulva",-0.39923,-0.56349,-0.22459
"2000","Libellula_quadrimaculata",0.57587,0.39994,0.77046
"2001","Libellula_quadrimaculata",0.31571,0.20649,0.50396
"2002","Libellula_quadrimaculata",0.22335,0.10243,0.37408
"2003","Libellula_quadrimaculata",0.29168,0.19313,0.44321
"2004","Libellula_quadrimaculata",-0.13903,-0.29685,-0.04479
"2005","Libellula_quadrimaculata",0.05334,-0.0779,0.17001
"2006","Libellula_quadrimaculata",0.19821,0.11408,0.33005
"2007","Libellula_quadrimaculata",-0.14329,-0.27047,-0.02527
"2008","Libellula_quadrimaculata",0.34298,0.26208,0.4706
"2009","Libellula_quadrimaculata",0.36454,0.29358,0.48026
"2010","Libellula_quadrimaculata",0.35503,0.22976,0.45597
"2011","Libellula_quadrimaculata",0.1092,0.05212,0.1968
"2012","Libellula_quadrimaculata",0.2121,0.0029,0.29958
"2013","Libellula_quadrimaculata",0.49993,0.28152,0.59178
"2014","Libellula_quadrimaculata",0.10585,0.05355,0.19256
"2015","Libellula_quadrimaculata",0.10249,0.03862,0.19028
"2016","Libellula_quadrimaculata",-0.24694,-0.33026,-0.19714
"2017","Libellula_quadrimaculata",-0.28044,-0.36244,-0.21824
"2018","Libellula_quadrimaculata",-0.00767,-0.08747,0.05817
"2019","Libellula_quadrimaculata",-0.43828,-0.51999,-0.35765
"2020","Libellula_quadrimaculata",-0.76866,-0.85208,-0.51152
"2021","Libellula_quadrimaculata",-0.58134,-0.67056,-0.45915
"2022","Libellula_quadrimaculata",-0.32364,-0.41637,-0.23842
"2023","Libellula_quadrimaculata",-0.39277,-0.48761,-0.32793
"clc_artificial_prop","Libellula_quadrimaculata",-0.10964,-0.15922,-0.02544
"clc_agriculture_prop","Libellula_quadrimaculata",-0.44667,-0.56334,-0.24298
"clc_forest_prop","Libellula_quadrimaculata",0.0984,-0.0359,0.18987
"clc_vegetation_prop","Libellula_quadrimaculata",-0.29898,-0.4462,-0.18905
"clc_bare_prop","Libellula_quadrimaculata",-0.02952,-0.25411,0.26
"clc_coastal_wetland_prop","Libellula_quadrimaculata",0.01009,-0.07562,0.06426
"clc_wetland_prop","Libellula_quadrimaculata",0.75231,0.5909,0.89042
"clc_river_prop","Libellula_quadrimaculata",0.04987,-0.00297,0.10137
"bio10_temp_warmQ_dC","Libellula_quadrimaculata",-4.17826,-4.47525,-3.34826
"bio12_annual_prec_mm","Libellula_quadrimaculata",-0.03228,-0.16801,0.13062
"bio4_sd_temp","Libellula_quadrimaculata",0.82609,0.39134,1.03094
"bio10_temp_warmQ_dC2","Libellula_quadrimaculata",-0.03399,-0.32244,0.1767
"bio12_annual_prec_mm2","Libellula_quadrimaculata",0.1265,0.04591,0.2274
"bio4_sd_temp2","Libellula_quadrimaculata",-0.08832,-0.16989,0.05603
"2000","Macromia_splendens",0.01472,-1.07737,1.0916
"2001","Macromia_splendens",-0.56952,-1.83352,0.5543
"2002","Macromia_splendens",1.38889,0.58491,2.20811
"2003","Macromia_splendens",-0.55363,-1.60151,0.46067
"2004","Macromia_splendens",1.60451,0.83807,2.31837
"2005","Macromia_splendens",1.34661,0.59725,2.06671
"2006","Macromia_splendens",0.54117,-0.22195,1.34733
"2007","Macromia_splendens",0.15598,-0.66966,1.02031
"2008","Macromia_splendens",0.48269,-0.2462,1.18999
"2009","Macromia_splendens",0.3532,-0.32524,1.00657
"2010","Macromia_splendens",0.6007,0.08212,1.1486
"2011","Macromia_splendens",0.17597,-0.3327,0.6896
"2012","Macromia_splendens",1.00991,0.58971,1.42406
"2013","Macromia_splendens",0.3004,-0.17395,0.75695
"2014","Macromia_splendens",0.31089,-0.1566,0.77617
"2015","Macromia_splendens",0.24308,-0.16904,0.66576
"2016","Macromia_splendens",-0.40261,-0.79876,0.04182
"2017","Macromia_splendens",-0.33597,-0.75891,0.09728
"2018","Macromia_splendens",-0.42405,-0.87839,0.00778
"2019","Macromia_splendens",-0.14996,-0.55272,0.27522
"2020","Macromia_splendens",-1.17074,-1.63584,-0.69038
"2021","Macromia_splendens",-0.87412,-1.37186,-0.3904
"2022","Macromia_splendens",-1.26657,-1.76613,-0.75884
"2023","Macromia_splendens",-1.58768,-2.1669,-1.03944
"clc_artificial_prop","Macromia_splendens",-1.02522,-1.69458,-0.43754
"clc_agriculture_prop","Macromia_splendens",0.874,0.08533,1.70876
"clc_forest_prop","Macromia_splendens",1.04373,0.28967,1.75874
"clc_vegetation_prop","Macromia_splendens",2.60348,1.97524,3.26479
"clc_bare_prop","Macromia_splendens",-2.95015,-5.14255,-1.0204
"clc_coastal_wetland_prop","Macromia_splendens",0.40065,-0.11218,0.80328
"clc_wetland_prop","Macromia_splendens",-0.8804,-2.81939,0.50868
"clc_river_prop","Macromia_splendens",0.07517,-0.33802,0.35751
"bio10_temp_warmQ_dC","Macromia_splendens",7.87757,6.4638,9.57688
"bio12_annual_prec_mm","Macromia_splendens",3.68148,2.93435,4.53018
"bio4_sd_temp","Macromia_splendens",-3.04764,-4.39671,-1.88339
"bio10_temp_warmQ_dC2","Macromia_splendens",-2.51429,-3.40659,-1.76301
"bio12_annual_prec_mm2","Macromia_splendens",-0.9755,-1.46016,-0.54647
"bio4_sd_temp2","Macromia_splendens",-1.79548,-2.75196,-0.89807
"2000","Nehalennia_speciosa",-2.9525,-6.21062,-0.38544
"2001","Nehalennia_speciosa",-3.20288,-7.09865,-0.2484
"2002","Nehalennia_speciosa",-1.53666,-3.91295,0.50746
"2003","Nehalennia_speciosa",-1.9257,-4.84896,0.23316
"2004","Nehalennia_speciosa",-1.27541,-3.42926,0.6878
"2005","Nehalennia_speciosa",-2.18724,-4.98705,-0.13732
"2006","Nehalennia_speciosa",-0.44599,-2.08686,1.00131
"2007","Nehalennia_speciosa",-0.43277,-1.82009,0.83749
"2008","Nehalennia_speciosa",1.5243,0.47804,2.59176
"2009","Nehalennia_speciosa",-0.43447,-1.9345,0.88693
"2010","Nehalennia_speciosa",-0.28987,-1.61383,0.97232
"2011","Nehalennia_speciosa",2.0051,0.98994,3.04699
"2012","Nehalennia_speciosa",2.17539,1.33819,3.06488
"2013","Nehalennia_speciosa",0.83717,-0.12684,1.80732
"2014","Nehalennia_speciosa",1.86294,0.76383,3.02352
"2015","Nehalennia_speciosa",0.74679,-0.28127,1.81818
"2016","Nehalennia_speciosa",1.45013,0.54425,2.43805
"2017","Nehalennia_speciosa",0.84605,-0.15898,1.95356
"2018","Nehalennia_speciosa",1.08526,0.17763,1.94945
"2019","Nehalennia_speciosa",0.93788,0.07477,1.82939
"2020","Nehalennia_speciosa",0.94333,0.04945,1.81242
"2021","Nehalennia_speciosa",0.51927,-0.31801,1.41663
"2022","Nehalennia_speciosa",0.84017,-0.02387,1.70306
"2023","Nehalennia_speciosa",0.27342,-0.70743,1.20755
"clc_artificial_prop","Nehalennia_speciosa",0.39187,-0.36186,1.09516
"clc_agriculture_prop","Nehalennia_speciosa",0.24249,-0.8964,1.48531
"clc_forest_prop","Nehalennia_speciosa",0.54008,-0.41882,1.62026
"clc_vegetation_prop","Nehalennia_speciosa",-0.26379,-2.16055,1.42308
"clc_bare_prop","Nehalennia_speciosa",-1.09376,-4.51266,1.30997
"clc_coastal_wetland_prop","Nehalennia_speciosa",0.37419,-1.38606,1.25148
"clc_wetland_prop","Nehalennia_speciosa",0.56345,-0.28737,1.33912
"clc_river_prop","Nehalennia_speciosa",-0.39783,-1.58421,0.30324
"bio10_temp_warmQ_dC","Nehalennia_speciosa",-0.65059,-2.746,1.49455
"bio12_annual_prec_mm","Nehalennia_speciosa",0.72246,-0.48308,1.99151
"bio4_sd_temp","Nehalennia_speciosa",5.27321,3.44703,7.48946
"bio10_temp_warmQ_dC2","Nehalennia_speciosa",-4.83535,-7.97651,-2.13149
"bio12_annual_prec_mm2","Nehalennia_speciosa",-0.08325,-0.84483,0.35862
"bio4_sd_temp2","Nehalennia_speciosa",-3.9436,-5.98145,-2.35297
"2000","Onychogomphus_forcipatus",-0.21809,-0.48583,0.04415
"2001","Onychogomphus_forcipatus",-0.35692,-0.62387,-0.0958
"2002","Onychogomphus_forcipatus",-0.11822,-0.36204,0.13751
"2003","Onychogomphus_forcipatus",0.35647,0.14218,0.57834
"2004","Onychogomphus_forcipatus",0.14873,-0.05809,0.36006
"2005","Onychogomphus_forcipatus",0.65325,0.44504,0.8549
"2006","Onychogomphus_forcipatus",0.41654,0.22671,0.60329
"2007","Onychogomphus_forcipatus",0.16309,-0.00967,0.33888
"2008","Onychogomphus_forcipatus",0.22,0.04922,0.38282
"2009","Onychogomphus_forcipatus",-0.12236,-0.26947,0.01979
"2010","Onychogomphus_forcipatus",-0.05465,-0.18235,0.07354
"2011","Onychogomphus_forcipatus",-0.05169,-0.17568,0.06363
"2012","Onychogomphus_forcipatus",-0.14805,-0.2535,-0.03826
"2013","Onychogomphus_forcipatus",-0.34032,-0.44731,-0.23158
"2014","Onychogomphus_forcipatus",-0.24144,-0.3463,-0.13031
"2015","Onychogomphus_forcipatus",-0.12435,-0.22375,-0.02719
"2016","Onychogomphus_forcipatus",-0.44385,-0.5372,-0.34695
"2017","Onychogomphus_forcipatus",-0.00563,-0.10606,0.09612
"2018","Onychogomphus_forcipatus",0.01096,-0.08146,0.10874
"2019","Onychogomphus_forcipatus",0.01458,-0.07915,0.10353
"2020","Onychogomphus_forcipatus",0.06618,-0.0324,0.15987
"2021","Onychogomphus_forcipatus",-0.06939,-0.16929,0.03226
"2022","Onychogomphus_forcipatus",0.12042,0.01952,0.22235
"2023","Onychogomphus_forcipatus",0.11896,0.00988,0.23169
"clc_artificial_prop","Onychogomphus_forcipatus",-0.83159,-0.94492,-0.72822
"clc_agriculture_prop","Onychogomphus_forcipatus",-0.12878,-0.2647,0.00963
"clc_forest_prop","Onychogomphus_forcipatus",1.14134,1.00432,1.27658
"clc_vegetation_prop","Onychogomphus_forcipatus",-0.47122,-0.6118,-0.29257
"clc_bare_prop","Onychogomphus_forcipatus",0.88566,0.6057,1.14243
"clc_coastal_wetland_prop","Onychogomphus_forcipatus",-0.83331,-1.03868,-0.64397
"clc_wetland_prop","Onychogomphus_forcipatus",0.26137,0.10339,0.41839
"clc_river_prop","Onychogomphus_forcipatus",-0.02414,-0.13888,0.0775
"bio10_temp_warmQ_dC","Onychogomphus_forcipatus",4.85276,4.56896,5.1874
"bio12_annual_prec_mm","Onychogomphus_forcipatus",1.52477,1.31985,1.74513
"bio4_sd_temp","Onychogomphus_forcipatus",1.70105,1.51087,1.90804
"bio10_temp_warmQ_dC2","Onychogomphus_forcipatus",-1.55425,-1.73476,-1.39247
"bio12_annual_prec_mm2","Onychogomphus_forcipatus",-0.67302,-0.79658,-0.52878
"bio4_sd_temp2","Onychogomphus_forcipatus",-0.93266,-1.07788,-0.78799
"2000","Onychogomphus_uncatus",0.36209,-0.06819,0.82862
"2001","Onychogomphus_uncatus",-0.10508,-0.59399,0.36942
"2002","Onychogomphus_uncatus",0.87745,0.48464,1.26231
"2003","Onychogomphus_uncatus",0.95856,0.58189,1.30522
"2004","Onychogomphus_uncatus",0.9177,0.58749,1.26471
"2005","Onychogomphus_uncatus",0.31478,-0.00939,0.63714
"2006","Onychogomphus_uncatus",0.53551,0.17007,0.89421
"2007","Onychogomphus_uncatus",-0.18725,-0.542,0.14325
"2008","Onychogomphus_uncatus",-0.02951,-0.31777,0.27209
"2009","Onychogomphus_uncatus",-0.06532,-0.35069,0.21172
"2010","Onychogomphus_uncatus",0.08882,-0.12595,0.31148
"2011","Onychogomphus_uncatus",-0.19384,-0.40833,0.0219
"2012","Onychogomphus_uncatus",0.0191,-0.15631,0.19805
"2013","Onychogomphus_uncatus",0.09334,-0.08473,0.26456
"2014","Onychogomphus_uncatus",-0.19946,-0.36736,-0.03736
"2015","Onychogomphus_uncatus",-0.19875,-0.35686,-0.03216
"2016","Onychogomphus_uncatus",-0.24066,-0.39441,-0.07995
"2017","Onychogomphus_uncatus",-0.37261,-0.52154,-0.22429
"2018","Onychogomphus_uncatus",-0.17402,-0.32487,-0.03064
"2019","Onychogomphus_uncatus",-0.23841,-0.39615,-0.07566
"2020","Onychogomphus_uncatus",-0.4062,-0.56708,-0.26077
"2021","Onychogomphus_uncatus",-0.41616,-0.57622,-0.25019
"2022","Onychogomphus_uncatus",-0.26304,-0.43697,-0.09685
"2023","Onychogomphus_uncatus",-0.41355,-0.59992,-0.23444
"clc_artificial_prop","Onychogomphus_uncatus",-1.11786,-1.36922,-0.88994
"clc_agriculture_prop","Onychogomphus_uncatus",0.39061,0.03333,0.76991
"clc_forest_prop","Onychogomphus_uncatus",1.75926,1.42444,2.16539
"clc_vegetation_prop","Onychogomphus_uncatus",2.50816,2.18199,2.82001
"clc_bare_prop","Onychogomphus_uncatus",0.43768,-0.04654,0.98357
"clc_coastal_wetland_prop","Onychogomphus_uncatus",-0.47887,-0.79877,-0.16839
"clc_wetland_prop","Onychogomphus_uncatus",-3.56833,-4.73179,-2.53846
"clc_river_prop","Onychogomphus_uncatus",0.06187,-0.12913,0.22199
"bio10_temp_warmQ_dC","Onychogomphus_uncatus",8.72757,8.02511,9.54056
"bio12_annual_prec_mm","Onychogomphus_uncatus",2.52943,2.13379,2.95676
"bio4_sd_temp","Onychogomphus_uncatus",-2.61094,-3.14234,-2.12239
"bio10_temp_warmQ_dC2","Onychogomphus_uncatus",-2.80665,-3.20871,-2.43702
"bio12_annual_prec_mm2","Onychogomphus_uncatus",-0.71873,-0.95375,-0.49817
"bio4_sd_temp2","Onychogomphus_uncatus",-0.47376,-0.81051,-0.10688
"2000","Ophiogomphus_cecilia",-0.15215,-0.56893,0.23745
"2001","Ophiogomphus_cecilia",-0.26866,-0.63845,0.12751
"2002","Ophiogomphus_cecilia",-0.06708,-0.4336,0.2899
"2003","Ophiogomphus_cecilia",0.43244,0.11276,0.73539
"2004","Ophiogomphus_cecilia",-0.16731,-0.49953,0.18542
"2005","Ophiogomphus_cecilia",-0.32507,-0.65802,0.02781
"2006","Ophiogomphus_cecilia",0.65614,0.40509,0.91837
"2007","Ophiogomphus_cecilia",0.47472,0.21999,0.72123
"2008","Ophiogomphus_cecilia",0.59046,0.33756,0.84849
"2009","Ophiogomphus_cecilia",0.51804,0.2906,0.75102
"2010","Ophiogomphus_cecilia",0.38488,0.1696,0.60004
"2011","Ophiogomphus_cecilia",0.426,0.224,0.62959
"2012","Ophiogomphus_cecilia",0.32838,0.14154,0.51553
"2013","Ophiogomphus_cecilia",0.12333,-0.06997,0.31059
"2014","Ophiogomphus_cecilia",0.35148,0.17193,0.53311
"2015","Ophiogomphus_cecilia",0.56314,0.40408,0.73048
"2016","Ophiogomphus_cecilia",0.22224,0.04181,0.39566
"2017","Ophiogomphus_cecilia",0.33653,0.16426,0.52185
"2018","Ophiogomphus_cecilia",-0.16114,-0.33822,0.01227
"2019","Ophiogomphus_cecilia",-0.27019,-0.45771,-0.07841
"2020","Ophiogomphus_cecilia",-0.33764,-0.5174,-0.1506
"2021","Ophiogomphus_cecilia",-0.76333,-0.95589,-0.56171
"2022","Ophiogomphus_cecilia",-0.76998,-0.98645,-0.556
"2023","Ophiogomphus_cecilia",-0.74959,-0.96776,-0.53978
"clc_artificial_prop","Ophiogomphus_cecilia",0.14096,-0.06323,0.3444
"clc_agriculture_prop","Ophiogomphus_cecilia",1.53321,1.22548,1.87712
"clc_forest_prop","Ophiogomphus_cecilia",-0.5727,-0.86451,-0.27044
"clc_vegetation_prop","Ophiogomphus_cecilia",-0.38631,-0.8802,0.07232
"clc_bare_prop","Ophiogomphus_cecilia",0.10755,-0.79132,0.90575
"clc_coastal_wetland_prop","Ophiogomphus_cecilia",0.02806,-0.37411,0.35112
"clc_wetland_prop","Ophiogomphus_cecilia",-1.03808,-1.35998,-0.73296
"clc_river_prop","Ophiogomphus_cecilia",0.2038,0.08306,0.32092
"bio10_temp_warmQ_dC","Ophiogomphus_cecilia",1.74771,1.1787,2.31177
"bio12_annual_prec_mm","Ophiogomphus_cecilia",0.19538,-0.19906,0.59656
"bio4_sd_temp","Ophiogomphus_cecilia",5.77767,5.30124,6.28601
"bio10_temp_warmQ_dC2","Ophiogomphus_cecilia",-3.12253,-3.60638,-2.67197
"bio12_annual_prec_mm2","Ophiogomphus_cecilia",0.00925,-0.27786,0.22797
"bio4_sd_temp2","Ophiogomphus_cecilia",0.04713,-0.24757,0.3244
"2000","Orthetrum_albistylum",-0.1615,-0.45594,0.14337
"2001","Orthetrum_albistylum",-0.35626,-0.64458,-0.06342
"2002","Orthetrum_albistylum",-0.22796,-0.51421,0.05548
"2003","Orthetrum_albistylum",0.48616,0.24954,0.74657
"2004","Orthetrum_albistylum",0.27903,0.02784,0.53422
"2005","Orthetrum_albistylum",0.16479,-0.06509,0.41872
"2006","Orthetrum_albistylum",-0.09093,-0.34713,0.18081
"2007","Orthetrum_albistylum",-0.01275,-0.25133,0.2297
"2008","Orthetrum_albistylum",-0.43839,-0.67766,-0.20326
"2009","Orthetrum_albistylum",-0.00195,-0.21537,0.21936
"2010","Orthetrum_albistylum",-0.02833,-0.18584,0.131
"2011","Orthetrum_albistylum",0.06953,-0.07909,0.21651
"2012","Orthetrum_albistylum",0.07922,-0.04921,0.21203
"2013","Orthetrum_albistylum",-0.05886,-0.18126,0.06203
"2014","Orthetrum_albistylum",-0.02894,-0.14472,0.09893
"2015","Orthetrum_albistylum",0.28701,0.18037,0.39853
"2016","Orthetrum_albistylum",0.02207,-0.09955,0.14015
"2017","Orthetrum_albistylum",0.33263,0.22312,0.43942
"2018","Orthetrum_albistylum",0.40926,0.30517,0.51707
"2019","Orthetrum_albistylum",0.22962,0.12286,0.34723
"2020","Orthetrum_albistylum",-0.13177,-0.24956,-0.01304
"2021","Orthetrum_albistylum",-0.49945,-0.62108,-0.37285
"2022","Orthetrum_albistylum",-0.08744,-0.2158,0.04164
"2023","Orthetrum_albistylum",-0.01792,-0.14447,0.11692
"clc_artificial_prop","Orthetrum_albistylum",-0.64133,-0.82371,-0.50164
"clc_agriculture_prop","Orthetrum_albistylum",1.13774,0.89884,1.37343
"clc_forest_prop","Orthetrum_albistylum",-0.82286,-1.06635,-0.60922
"clc_vegetation_prop","Orthetrum_albistylum",-1.82651,-2.18076,-1.50775
"clc_bare_prop","Orthetrum_albistylum",2.66755,2.0424,3.242
"clc_coastal_wetland_prop","Orthetrum_albistylum",0.24381,0.09172,0.39482
"clc_wetland_prop","Orthetrum_albistylum",-0.92485,-1.29884,-0.54646
"clc_river_prop","Orthetrum_albistylum",0.18225,0.08353,0.28476
"bio10_temp_warmQ_dC","Orthetrum_albistylum",8.89111,8.33849,9.48294
"bio12_annual_prec_mm","Orthetrum_albistylum",3.36838,3.03574,3.72452
"bio4_sd_temp","Orthetrum_albistylum",3.02522,2.69933,3.3434
"bio10_temp_warmQ_dC2","Orthetrum_albistylum",-4.26188,-4.64908,-3.91273
"bio12_annual_prec_mm2","Orthetrum_albistylum",-0.63856,-0.84293,-0.45332
"bio4_sd_temp2","Orthetrum_albistylum",-0.37742,-0.69236,-0.08545
"2000","Orthetrum_brunneum",-0.60905,-0.86866,-0.34668
"2001","Orthetrum_brunneum",-0.63086,-0.88167,-0.37827
"2002","Orthetrum_brunneum",-0.08233,-0.30422,0.14387
"2003","Orthetrum_brunneum",0.72601,0.53556,0.92933
"2004","Orthetrum_brunneum",0.61787,0.42254,0.79785
"2005","Orthetrum_brunneum",0.79292,0.61451,0.96564
"2006","Orthetrum_brunneum",0.36431,0.19181,0.53565
"2007","Orthetrum_brunneum",-0.24285,-0.41824,-0.08023
"2008","Orthetrum_brunneum",-0.1581,-0.30844,-0.00347
"2009","Orthetrum_brunneum",-0.08551,-0.22957,0.05742
"2010","Orthetrum_brunneum",-0.20768,-0.32861,-0.08467
"2011","Orthetrum_brunneum",-0.13917,-0.25547,-0.02296
"2012","Orthetrum_brunneum",-0.248,-0.35152,-0.14869
"2013","Orthetrum_brunneum",-0.33979,-0.43523,-0.24222
"2014","Orthetrum_brunneum",-0.37921,-0.48638,-0.27485
"2015","Orthetrum_brunneum",0.23631,0.14466,0.33039
"2016","Orthetrum_brunneum",0.00829,-0.07901,0.09862
"2017","Orthetrum_brunneum",0.12614,0.03581,0.21168
"2018","Orthetrum_brunneum",0.48139,0.39736,0.56395
"2019","Orthetrum_brunneum",0.40571,0.31643,0.49315
"2020","Orthetrum_brunneum",0.06859,-0.02452,0.15788
"2021","Orthetrum_brunneum",-0.48804,-0.58843,-0.39094
"2022","Orthetrum_brunneum",0.06348,-0.03432,0.15391
"2023","Orthetrum_brunneum",0.10376,0.00061,0.19767
"clc_artificial_prop","Orthetrum_brunneum",-0.06567,-0.13662,0.01111
"clc_agriculture_prop","Orthetrum_brunneum",0.30127,0.18847,0.41001
"clc_forest_prop","Orthetrum_brunneum",0.04948,-0.06252,0.15711
"clc_vegetation_prop","Orthetrum_brunneum",0.41095,0.28997,0.52828
"clc_bare_prop","Orthetrum_brunneum",1.48547,1.30441,1.66179
"clc_coastal_wetland_prop","Orthetrum_brunneum",-0.18188,-0.28431,-0.09527
"clc_wetland_prop","Orthetrum_brunneum",-1.65139,-1.87673,-1.41795
"clc_river_prop","Orthetrum_brunneum",-0.34302,-0.43253,-0.25188
"bio10_temp_warmQ_dC","Orthetrum_brunneum",4.40109,4.18693,4.64377
"bio12_annual_prec_mm","Orthetrum_brunneum",1.56509,1.39354,1.72115
"bio4_sd_temp","Orthetrum_brunneum",1.19665,1.03427,1.35932
"bio10_temp_warmQ_dC2","Orthetrum_brunneum",-1.00589,-1.1393,-0.87219
"bio12_annual_prec_mm2","Orthetrum_brunneum",-0.27692,-0.36204,-0.1893
"bio4_sd_temp2","Orthetrum_brunneum",-1.0953,-1.24689,-0.94593
"2000","Orthetrum_cancellatum",0.15845,0.01517,0.29996
"2001","Orthetrum_cancellatum",0.03454,-0.10351,0.18155
"2002","Orthetrum_cancellatum",-0.10969,-0.23812,0.01786
"2003","Orthetrum_cancellatum",0.42322,0.30576,0.54863
"2004","Orthetrum_cancellatum",0.24113,0.12385,0.35444
"2005","Orthetrum_cancellatum",0.30575,0.18984,0.41972
"2006","Orthetrum_cancellatum",0.36659,0.26427,0.47013
"2007","Orthetrum_cancellatum",0.34622,0.24983,0.44822
"2008","Orthetrum_cancellatum",-0.0239,-0.11067,0.0683
"2009","Orthetrum_cancellatum",-0.02984,-0.11184,0.04696
"2010","Orthetrum_cancellatum",-0.111,-0.18844,-0.03561
"2011","Orthetrum_cancellatum",-0.16179,-0.23182,-0.09328
"2012","Orthetrum_cancellatum",-0.35386,-0.41623,-0.29184
"2013","Orthetrum_cancellatum",-0.34865,-0.41257,-0.28322
"2014","Orthetrum_cancellatum",-0.26036,-0.3238,-0.19228
"2015","Orthetrum_cancellatum",-0.18495,-0.25184,-0.12143
"2016","Orthetrum_cancellatum",-0.26715,-0.33364,-0.2022
"2017","Orthetrum_cancellatum",-0.05105,-0.11449,0.01289
"2018","Orthetrum_cancellatum",0.08906,0.03065,0.15116
"2019","Orthetrum_cancellatum",0.08516,0.02357,0.15168
"2020","Orthetrum_cancellatum",-0.16623,-0.22578,-0.10261
"2021","Orthetrum_cancellatum",-0.13327,-0.19645,-0.07025
"2022","Orthetrum_cancellatum",0.05215,-0.01642,0.11612
"2023","Orthetrum_cancellatum",0.1876,0.12115,0.25555
"clc_artificial_prop","Orthetrum_cancellatum",0.2167,0.16264,0.27661
"clc_agriculture_prop","Orthetrum_cancellatum",0.14436,0.07463,0.21777
"clc_forest_prop","Orthetrum_cancellatum",-0.50601,-0.58233,-0.43384
"clc_vegetation_prop","Orthetrum_cancellatum",-0.80249,-0.90011,-0.7112
"clc_bare_prop","Orthetrum_cancellatum",0.85144,0.72822,0.98085
"clc_coastal_wetland_prop","Orthetrum_cancellatum",0.12868,0.0646,0.19354
"clc_wetland_prop","Orthetrum_cancellatum",-0.1276,-0.2112,-0.0466
"clc_river_prop","Orthetrum_cancellatum",0.09695,0.04485,0.14691
"bio10_temp_warmQ_dC","Orthetrum_cancellatum",1.81898,1.68989,1.95693
"bio12_annual_prec_mm","Orthetrum_cancellatum",-0.55699,-0.68014,-0.43728
"bio4_sd_temp","Orthetrum_cancellatum",-0.43052,-0.54648,-0.32171
"bio10_temp_warmQ_dC2","Orthetrum_cancellatum",-0.83794,-0.93927,-0.74815
"bio12_annual_prec_mm2","Orthetrum_cancellatum",0.09573,0.04518,0.1413
"bio4_sd_temp2","Orthetrum_cancellatum",-0.85677,-0.93977,-0.78086
"2000","Orthetrum_chrysostigma",-0.6471,-3.0424,1.24933
"2001","Orthetrum_chrysostigma",-4.55165,-7.27527,-2.06094
"2002","Orthetrum_chrysostigma",-0.40251,-1.7631,0.87755
"2003","Orthetrum_chrysostigma",-1.27744,-2.809,0.25839
"2004","Orthetrum_chrysostigma",-0.00831,-1.0389,0.96927
"2005","Orthetrum_chrysostigma",-0.09848,-0.98861,0.79529
"2006","Orthetrum_chrysostigma",-0.22944,-1.06942,0.56108
"2007","Orthetrum_chrysostigma",2.47015,1.93167,3.04193
"2008","Orthetrum_chrysostigma",0.19006,-0.47742,0.81217
"2009","Orthetrum_chrysostigma",-0.46552,-1.16277,0.25896
"2010","Orthetrum_chrysostigma",0.58175,0.0488,1.11013
"2011","Orthetrum_chrysostigma",0.45556,-0.00895,0.89127
"2012","Orthetrum_chrysostigma",-0.04067,-0.47981,0.41789
"2013","Orthetrum_chrysostigma",0.28845,-0.17228,0.73479
"2014","Orthetrum_chrysostigma",0.59991,0.19178,0.99455
"2015","Orthetrum_chrysostigma",0.33765,-0.05886,0.70525
"2016","Orthetrum_chrysostigma",0.23824,-0.17909,0.67116
"2017","Orthetrum_chrysostigma",0.41144,0.05799,0.77069
"2018","Orthetrum_chrysostigma",-0.07629,-0.43146,0.2897
"2019","Orthetrum_chrysostigma",0.2191,-0.15929,0.58526
"2020","Orthetrum_chrysostigma",0.45089,0.06102,0.82949
"2021","Orthetrum_chrysostigma",0.00999,-0.35597,0.33764
"2022","Orthetrum_chrysostigma",0.23654,-0.13078,0.60773
"2023","Orthetrum_chrysostigma",0.63513,0.27488,1.01699
"clc_artificial_prop","Orthetrum_chrysostigma",-1.13773,-1.42634,-0.87197
"clc_agriculture_prop","Orthetrum_chrysostigma",0.02861,-0.37619,0.47669
"clc_forest_prop","Orthetrum_chrysostigma",0.41605,-0.02488,0.88423
"clc_vegetation_prop","Orthetrum_chrysostigma",1.79391,1.45593,2.18637
"clc_bare_prop","Orthetrum_chrysostigma",-0.63102,-1.20889,-0.02044
"clc_coastal_wetland_prop","Orthetrum_chrysostigma",-0.52369,-0.81734,-0.21395
"clc_wetland_prop","Orthetrum_chrysostigma",0.23715,-0.87009,1.01638
"clc_river_prop","Orthetrum_chrysostigma",-0.14537,-0.50333,0.16712
"bio10_temp_warmQ_dC","Orthetrum_chrysostigma",8.34553,6.74615,10.07356
"bio12_annual_prec_mm","Orthetrum_chrysostigma",-1.40009,-2.0653,-0.80919
"bio4_sd_temp","Orthetrum_chrysostigma",-3.89967,-4.61587,-3.1687
"bio10_temp_warmQ_dC2","Orthetrum_chrysostigma",0.12092,-0.55904,0.75199
"bio12_annual_prec_mm2","Orthetrum_chrysostigma",-0.31302,-0.80512,0.15879
"bio4_sd_temp2","Orthetrum_chrysostigma",0.50673,0.06735,0.94732
"2000","Orthetrum_coerulescens",-0.17664,-0.35366,0.04084
"2001","Orthetrum_coerulescens",-0.05232,-0.21815,0.15071
"2002","Orthetrum_coerulescens",-0.12484,-0.32405,0.03267
"2003","Orthetrum_coerulescens",0.15453,0.02258,0.3352
"2004","Orthetrum_coerulescens",-0.03909,-0.1831,0.14192
"2005","Orthetrum_coerulescens",0.37225,0.2396,0.54001
"2006","Orthetrum_coerulescens",0.20423,0.07115,0.3296
"2007","Orthetrum_coerulescens",0.1221,0.00089,0.26181
"2008","Orthetrum_coerulescens",0.13693,0.02783,0.26242
"2009","Orthetrum_coerulescens",0.02888,-0.07855,0.13428
"2010","Orthetrum_coerulescens",-0.04393,-0.13971,0.05863
"2011","Orthetrum_coerulescens",-0.25307,-0.35871,-0.15771
"2012","Orthetrum_coerulescens",-0.2052,-0.2919,-0.1189
"2013","Orthetrum_coerulescens",-0.19901,-0.29147,-0.12048
"2014","Orthetrum_coerulescens",-0.28859,-0.37367,-0.2092
"2015","Orthetrum_coerulescens",0.08115,-0.01899,0.14803
"2016","Orthetrum_coerulescens",-0.09734,-0.17211,0.01468
"2017","Orthetrum_coerulescens",0.07032,-0.00885,0.17883
"2018","Orthetrum_coerulescens",0.11198,0.0365,0.18529
"2019","Orthetrum_coerulescens",0.00697,-0.06443,0.08486
"2020","Orthetrum_coerulescens",0.03009,-0.0482,0.10719
"2021","Orthetrum_coerulescens",-0.09943,-0.19531,-0.03366
"2022","Orthetrum_coerulescens",0.16502,0.0718,0.23706
"2023","Orthetrum_coerulescens",0.04159,-0.0524,0.12683
"clc_artificial_prop","Orthetrum_coerulescens",-0.42685,-0.49794,-0.34062
"clc_agriculture_prop","Orthetrum_coerulescens",-0.71658,-0.82072,-0.61797
"clc_forest_prop","Orthetrum_coerulescens",0.53083,0.43659,0.64931
"clc_vegetation_prop","Orthetrum_coerulescens",0.4328,0.31038,0.54625
"clc_bare_prop","Orthetrum_coerulescens",1.05269,0.92032,1.23795
"clc_coastal_wetland_prop","Orthetrum_coerulescens",-0.54853,-0.65622,-0.42864
"clc_wetland_prop","Orthetrum_coerulescens",-0.07195,-0.16724,0.02888
"clc_river_prop","Orthetrum_coerulescens",-0.27245,-0.37281,-0.19065
"bio10_temp_warmQ_dC","Orthetrum_coerulescens",4.29618,4.09226,4.52221
"bio12_annual_prec_mm","Orthetrum_coerulescens",1.61737,1.46872,1.7571
"bio4_sd_temp","Orthetrum_coerulescens",-0.79945,-0.96937,-0.63884
"bio10_temp_warmQ_dC2","Orthetrum_coerulescens",-0.72721,-0.84711,-0.59621
"bio12_annual_prec_mm2","Orthetrum_coerulescens",-0.34511,-0.40482,-0.28777
"bio4_sd_temp2","Orthetrum_coerulescens",0.16971,0.07166,0.25937
"2000","Orthetrum_sabina",-0.90331,-5.62189,2.48675
"2001","Orthetrum_sabina",-0.91269,-5.66106,2.53629
"2002","Orthetrum_sabina",-0.79894,-5.50902,2.4774
"2003","Orthetrum_sabina",0.26259,-3.13324,3.17893
"2004","Orthetrum_sabina",-0.12142,-2.70327,2.67642
"2005","Orthetrum_sabina",-0.8228,-5.46083,2.66152
"2006","Orthetrum_sabina",-0.03448,-2.87581,2.47493
"2007","Orthetrum_sabina",-1.67621,-4.26599,0.8346
"2008","Orthetrum_sabina",-0.18372,-3.57598,2.48917
"2009","Orthetrum_sabina",-0.49007,-4.07126,2.75745
"2010","Orthetrum_sabina",-1.05608,-5.79925,2.18925
"2011","Orthetrum_sabina",-1.03309,-5.79398,2.27674
"2012","Orthetrum_sabina",-0.04785,-1.81663,1.54758
"2013","Orthetrum_sabina",2.31687,1.37203,3.32792
"2014","Orthetrum_sabina",1.51091,0.58225,2.45515
"2015","Orthetrum_sabina",0.58051,-0.52907,1.60042
"2016","Orthetrum_sabina",0.59821,-0.44467,1.61959
"2017","Orthetrum_sabina",0.71894,-0.24966,1.70267
"2018","Orthetrum_sabina",0.6042,-0.30805,1.56427
"2019","Orthetrum_sabina",1.03784,0.16563,1.94659
"2020","Orthetrum_sabina",0.81434,-0.18778,1.85379
"2021","Orthetrum_sabina",0.47741,-0.57951,1.56909
"2022","Orthetrum_sabina",0.27671,-0.75677,1.33905
"2023","Orthetrum_sabina",0.24059,-0.91811,1.37846
"clc_artificial_prop","Orthetrum_sabina",0.87845,0.33779,1.40685
"clc_agriculture_prop","Orthetrum_sabina",1.19696,0.03644,2.54692
"clc_forest_prop","Orthetrum_sabina",2.36718,1.18243,3.53145
"clc_vegetation_prop","Orthetrum_sabina",0.77724,-0.22598,1.85551
"clc_bare_prop","Orthetrum_sabina",-1.04137,-3.12138,0.21348
"clc_coastal_wetland_prop","Orthetrum_sabina",-0.63295,-3.12307,0.64431
"clc_wetland_prop","Orthetrum_sabina",0.47358,-1.90983,1.64609
"clc_river_prop","Orthetrum_sabina",-3.49849,-6.43312,-1.43063
"bio10_temp_warmQ_dC","Orthetrum_sabina",-1.36847,-2.86383,0.456
"bio12_annual_prec_mm","Orthetrum_sabina",-1.94623,-4.7204,0.26598
"bio4_sd_temp","Orthetrum_sabina",-2.94044,-4.83575,-1.13326
"bio10_temp_warmQ_dC2","Orthetrum_sabina",3.16533,2.40349,3.89265
"bio12_annual_prec_mm2","Orthetrum_sabina",-0.93865,-2.7875,0.15687
"bio4_sd_temp2","Orthetrum_sabina",-1.69772,-3.92541,0.1028
"2000","Orthetrum_trinacria",0.19466,-1.95108,1.98564
"2001","Orthetrum_trinacria",-1.11227,-3.49165,1.08016
"2002","Orthetrum_trinacria",0.11821,-1.44555,1.54862
"2003","Orthetrum_trinacria",-1.71393,-4.02887,0.33308
"2004","Orthetrum_trinacria",-1.94584,-4.16429,-0.13701
"2005","Orthetrum_trinacria",-0.28165,-1.59357,0.92358
"2006","Orthetrum_trinacria",-1.22406,-3.23715,0.43727
"2007","Orthetrum_trinacria",1.81526,1.14191,2.5087
"2008","Orthetrum_trinacria",0.16562,-0.67087,1.06215
"2009","Orthetrum_trinacria",0.24681,-0.66792,1.16812
"2010","Orthetrum_trinacria",-0.76182,-1.50792,-0.03782
"2011","Orthetrum_trinacria",0.25273,-0.33073,0.8364
"2012","Orthetrum_trinacria",0.08329,-0.50486,0.71247
"2013","Orthetrum_trinacria",-0.06845,-0.70244,0.55929
"2014","Orthetrum_trinacria",0.35794,-0.15459,0.87417
"2015","Orthetrum_trinacria",0.54583,0.05755,1.06879
"2016","Orthetrum_trinacria",0.25678,-0.28978,0.77876
"2017","Orthetrum_trinacria",0.90655,0.48205,1.34872
"2018","Orthetrum_trinacria",0.72885,0.26575,1.20925
"2019","Orthetrum_trinacria",0.36614,-0.1225,0.88424
"2020","Orthetrum_trinacria",0.26575,-0.27233,0.79905
"2021","Orthetrum_trinacria",-0.13741,-0.67259,0.36347
"2022","Orthetrum_trinacria",0.7886,0.3156,1.26335
"2023","Orthetrum_trinacria",0.08263,-0.36785,0.54576
"clc_artificial_prop","Orthetrum_trinacria",-0.59799,-0.87261,-0.33903
"clc_agriculture_prop","Orthetrum_trinacria",0.45602,0.0264,0.92003
"clc_forest_prop","Orthetrum_trinacria",-0.4574,-0.97903,0.06508
"clc_vegetation_prop","Orthetrum_trinacria",0.84409,0.49672,1.25041
"clc_bare_prop","Orthetrum_trinacria",-0.43423,-1.19598,0.24396
"clc_coastal_wetland_prop","Orthetrum_trinacria",-0.03026,-0.31136,0.22099
"clc_wetland_prop","Orthetrum_trinacria",0.34489,-0.77957,1.25118
"clc_river_prop","Orthetrum_trinacria",-0.06945,-0.40541,0.21392
"bio10_temp_warmQ_dC","Orthetrum_trinacria",10.94286,8.6891,13.15125
"bio12_annual_prec_mm","Orthetrum_trinacria",-1.39859,-2.27805,-0.69677
"bio4_sd_temp","Orthetrum_trinacria",-4.23399,-5.04204,-3.49017
"bio10_temp_warmQ_dC2","Orthetrum_trinacria",-1.51963,-2.25637,-0.71637
"bio12_annual_prec_mm2","Orthetrum_trinacria",-0.08446,-0.7552,0.47074
"bio4_sd_temp2","Orthetrum_trinacria",0.00146,-0.49049,0.48591
"2000","Oxygastra_curtisii",-0.08,-0.5096,0.32815
"2001","Oxygastra_curtisii",0.34569,-0.02493,0.73464
"2002","Oxygastra_curtisii",0.72112,0.32694,1.08681
"2003","Oxygastra_curtisii",0.24955,-0.05922,0.55728
"2004","Oxygastra_curtisii",0.39513,0.10431,0.70491
"2005","Oxygastra_curtisii",0.49749,0.20639,0.77731
"2006","Oxygastra_curtisii",0.4526,0.15263,0.76843
"2007","Oxygastra_curtisii",0.38118,0.09498,0.67914
"2008","Oxygastra_curtisii",0.2973,0.03351,0.55983
"2009","Oxygastra_curtisii",0.23214,-0.01354,0.47725
"2010","Oxygastra_curtisii",0.24445,0.05118,0.45162
"2011","Oxygastra_curtisii",0.21219,0.03738,0.39274
"2012","Oxygastra_curtisii",0.29593,0.13596,0.44958
"2013","Oxygastra_curtisii",0.33657,0.18617,0.48465
"2014","Oxygastra_curtisii",0.10351,-0.05334,0.25012
"2015","Oxygastra_curtisii",0.01098,-0.13479,0.15992
"2016","Oxygastra_curtisii",-0.36851,-0.52535,-0.21741
"2017","Oxygastra_curtisii",-0.11911,-0.26044,0.02651
"2018","Oxygastra_curtisii",-0.4219,-0.5618,-0.28297
"2019","Oxygastra_curtisii",-0.44948,-0.58827,-0.29457
"2020","Oxygastra_curtisii",-0.80846,-0.96325,-0.65765
"2021","Oxygastra_curtisii",-0.58395,-0.73309,-0.43078
"2022","Oxygastra_curtisii",-0.66997,-0.83777,-0.51502
"2023","Oxygastra_curtisii",-0.62861,-0.79684,-0.45725
"clc_artificial_prop","Oxygastra_curtisii",-0.52865,-0.6945,-0.37975
"clc_agriculture_prop","Oxygastra_curtisii",1.00707,0.77164,1.25852
"clc_forest_prop","Oxygastra_curtisii",0.56078,0.3053,0.79757
"clc_vegetation_prop","Oxygastra_curtisii",0.52317,0.28979,0.76721
"clc_bare_prop","Oxygastra_curtisii",-0.99231,-1.63441,-0.39732
"clc_coastal_wetland_prop","Oxygastra_curtisii",-0.11542,-0.31674,0.0732
"clc_wetland_prop","Oxygastra_curtisii",-0.51614,-0.99688,-0.07939
"clc_river_prop","Oxygastra_curtisii",0.07988,-0.04424,0.18037
"bio10_temp_warmQ_dC","Oxygastra_curtisii",9.26775,8.5919,9.9628
"bio12_annual_prec_mm","Oxygastra_curtisii",2.49161,2.13236,2.85008
"bio4_sd_temp","Oxygastra_curtisii",-3.01455,-3.43675,-2.61471
"bio10_temp_warmQ_dC2","Oxygastra_curtisii",-3.71331,-4.10279,-3.34869
"bio12_annual_prec_mm2","Oxygastra_curtisii",-0.77371,-1.00858,-0.52818
"bio4_sd_temp2","Oxygastra_curtisii",-1.07776,-1.35748,-0.78188
"2000","Platycnemis_acutipennis",0.75835,0.36496,1.17159
"2001","Platycnemis_acutipennis",0.98637,0.55947,1.40673
"2002","Platycnemis_acutipennis",0.80538,0.40882,1.22348
"2003","Platycnemis_acutipennis",0.38894,-0.00166,0.75639
"2004","Platycnemis_acutipennis",0.6447,0.28986,1.01228
"2005","Platycnemis_acutipennis",0.91289,0.56917,1.27673
"2006","Platycnemis_acutipennis",0.88095,0.47697,1.26959
"2007","Platycnemis_acutipennis",0.86563,0.51657,1.2081
"2008","Platycnemis_acutipennis",0.15852,-0.15602,0.45519
"2009","Platycnemis_acutipennis",0.02312,-0.25489,0.30705
"2010","Platycnemis_acutipennis",0.10189,-0.12517,0.32604
"2011","Platycnemis_acutipennis",-0.04099,-0.24065,0.16145
"2012","Platycnemis_acutipennis",0.33932,0.1539,0.53396
"2013","Platycnemis_acutipennis",0.02472,-0.16749,0.2135
"2014","Platycnemis_acutipennis",-0.20136,-0.38527,-0.02697
"2015","Platycnemis_acutipennis",-0.37258,-0.54562,-0.21799
"2016","Platycnemis_acutipennis",-0.05572,-0.21795,0.10095
"2017","Platycnemis_acutipennis",-0.53026,-0.69248,-0.36847
"2018","Platycnemis_acutipennis",-0.63599,-0.78946,-0.48377
"2019","Platycnemis_acutipennis",-0.68247,-0.84567,-0.51662
"2020","Platycnemis_acutipennis",-0.94354,-1.10395,-0.79107
"2021","Platycnemis_acutipennis",-0.54361,-0.7192,-0.38048
"2022","Platycnemis_acutipennis",-0.94877,-1.13862,-0.77348
"2023","Platycnemis_acutipennis",-0.97439,-1.14487,-0.78703
"clc_artificial_prop","Platycnemis_acutipennis",-1.12241,-1.36624,-0.90484
"clc_agriculture_prop","Platycnemis_acutipennis",1.08052,0.72571,1.48988
"clc_forest_prop","Platycnemis_acutipennis",0.69025,0.28548,1.06694
"clc_vegetation_prop","Platycnemis_acutipennis",1.38653,1.05928,1.73821
"clc_bare_prop","Platycnemis_acutipennis",0.03532,-0.61547,0.70673
"clc_coastal_wetland_prop","Platycnemis_acutipennis",-0.14204,-0.39176,0.07444
"clc_wetland_prop","Platycnemis_acutipennis",-2.0936,-3.09164,-1.22837
"clc_river_prop","Platycnemis_acutipennis",0.18552,0.01727,0.32001
"bio10_temp_warmQ_dC","Platycnemis_acutipennis",9.5794,8.77969,10.44006
"bio12_annual_prec_mm","Platycnemis_acutipennis",2.86418,2.39837,3.38969
"bio4_sd_temp","Platycnemis_acutipennis",-7.36665,-8.19777,-6.67469
"bio10_temp_warmQ_dC2","Platycnemis_acutipennis",-2.79066,-3.20133,-2.38639
"bio12_annual_prec_mm2","Platycnemis_acutipennis",-1.24954,-1.60734,-0.90984
"bio4_sd_temp2","Platycnemis_acutipennis",-3.00049,-3.4992,-2.53248
"2000","Platycnemis_latipes",0.35584,-0.10207,0.80206
"2001","Platycnemis_latipes",0.63079,0.20301,1.05995
"2002","Platycnemis_latipes",0.8331,0.42608,1.23135
"2003","Platycnemis_latipes",0.90278,0.54609,1.26141
"2004","Platycnemis_latipes",1.00882,0.68176,1.35015
"2005","Platycnemis_latipes",0.78064,0.46345,1.11168
"2006","Platycnemis_latipes",0.56246,0.19254,0.93956
"2007","Platycnemis_latipes",0.27664,-0.05079,0.61653
"2008","Platycnemis_latipes",-0.14863,-0.46072,0.17716
"2009","Platycnemis_latipes",-0.49506,-0.80336,-0.20232
"2010","Platycnemis_latipes",0.09538,-0.14586,0.34305
"2011","Platycnemis_latipes",0.07081,-0.12006,0.27639
"2012","Platycnemis_latipes",-0.0666,-0.23813,0.11448
"2013","Platycnemis_latipes",-0.301,-0.48202,-0.11386
"2014","Platycnemis_latipes",-0.04818,-0.20785,0.11532
"2015","Platycnemis_latipes",-0.09596,-0.2589,0.06286
"2016","Platycnemis_latipes",-0.28988,-0.44748,-0.13191
"2017","Platycnemis_latipes",-0.29522,-0.44844,-0.15074
"2018","Platycnemis_latipes",-0.42937,-0.56572,-0.28436
"2019","Platycnemis_latipes",-0.44676,-0.60127,-0.29913
"2020","Platycnemis_latipes",-0.51549,-0.67189,-0.34957
"2021","Platycnemis_latipes",-0.45474,-0.6122,-0.28407
"2022","Platycnemis_latipes",-0.57485,-0.73828,-0.40072
"2023","Platycnemis_latipes",-0.73651,-0.91546,-0.55831
"clc_artificial_prop","Platycnemis_latipes",-1.16518,-1.41554,-0.8909
"clc_agriculture_prop","Platycnemis_latipes",0.08213,-0.36089,0.55154
"clc_forest_prop","Platycnemis_latipes",1.24649,0.83694,1.67047
"clc_vegetation_prop","Platycnemis_latipes",2.56334,2.19181,2.98448
"clc_bare_prop","Platycnemis_latipes",0.65524,0.02852,1.32463
"clc_coastal_wetland_prop","Platycnemis_latipes",-0.58708,-0.91446,-0.31038
"clc_wetland_prop","Platycnemis_latipes",-2.9345,-4.17866,-1.75572
"clc_river_prop","Platycnemis_latipes",0.14027,-0.07352,0.31307
"bio10_temp_warmQ_dC","Platycnemis_latipes",9.97851,9.09828,10.84348
"bio12_annual_prec_mm","Platycnemis_latipes",0.66104,0.16889,1.12112
"bio4_sd_temp","Platycnemis_latipes",-3.30274,-3.95609,-2.67691
"bio10_temp_warmQ_dC2","Platycnemis_latipes",-2.29001,-2.71615,-1.85785
"bio12_annual_prec_mm2","Platycnemis_latipes",0.09403,-0.10674,0.25759
"bio4_sd_temp2","Platycnemis_latipes",-1.41921,-1.885,-1.00699
"2000","Platycnemis_pennipes",0.39866,0.23486,0.56308
"2001","Platycnemis_pennipes",-0.05789,-0.22523,0.10566
"2002","Platycnemis_pennipes",0.21928,0.05306,0.36851
"2003","Platycnemis_pennipes",0.17985,0.03932,0.31111
"2004","Platycnemis_pennipes",0.24013,0.11044,0.37644
"2005","Platycnemis_pennipes",0.19283,0.06934,0.31981
"2006","Platycnemis_pennipes",-0.07173,-0.18542,0.03672
"2007","Platycnemis_pennipes",0.32651,0.22378,0.43028
"2008","Platycnemis_pennipes",-0.09873,-0.19539,-8e-05
"2009","Platycnemis_pennipes",-0.09673,-0.18753,-0.01665
"2010","Platycnemis_pennipes",-0.14106,-0.2237,-0.05581
"2011","Platycnemis_pennipes",-0.0281,-0.11108,0.05751
"2012","Platycnemis_pennipes",-0.17423,-0.25073,-0.10288
"2013","Platycnemis_pennipes",-0.39498,-0.47891,-0.3157
"2014","Platycnemis_pennipes",-0.16179,-0.23803,-0.08639
"2015","Platycnemis_pennipes",-0.28965,-0.36461,-0.21421
"2016","Platycnemis_pennipes",-0.12237,-0.19602,-0.04646
"2017","Platycnemis_pennipes",-0.08704,-0.16553,-0.00728
"2018","Platycnemis_pennipes",-0.10232,-0.17645,-0.02557
"2019","Platycnemis_pennipes",-0.09072,-0.17007,-0.00381
"2020","Platycnemis_pennipes",-0.00091,-0.085,0.08476
"2021","Platycnemis_pennipes",0.0537,-0.0325,0.13827
"2022","Platycnemis_pennipes",-0.01903,-0.11164,0.07036
"2023","Platycnemis_pennipes",0.16734,0.0645,0.26551
"clc_artificial_prop","Platycnemis_pennipes",0.00936,-0.10697,0.12923
"clc_agriculture_prop","Platycnemis_pennipes",2.12123,1.96476,2.28005
"clc_forest_prop","Platycnemis_pennipes",0.31295,0.15566,0.48567
"clc_vegetation_prop","Platycnemis_pennipes",-3.15467,-3.42233,-2.8887
"clc_bare_prop","Platycnemis_pennipes",2.1587,1.87741,2.42427
"clc_coastal_wetland_prop","Platycnemis_pennipes",-0.42967,-0.56897,-0.29315
"clc_wetland_prop","Platycnemis_pennipes",-0.98208,-1.18164,-0.79499
"clc_river_prop","Platycnemis_pennipes",-0.03594,-0.14748,0.06144
"bio10_temp_warmQ_dC","Platycnemis_pennipes",3.27308,2.95555,3.55605
"bio12_annual_prec_mm","Platycnemis_pennipes",2.54908,2.25057,2.82217
"bio4_sd_temp","Platycnemis_pennipes",3.52164,3.30626,3.77372
"bio10_temp_warmQ_dC2","Platycnemis_pennipes",-3.00823,-3.24743,-2.74633
"bio12_annual_prec_mm2","Platycnemis_pennipes",-0.84357,-1.02903,-0.67527
"bio4_sd_temp2","Platycnemis_pennipes",-1.13077,-1.2744,-0.97572
"2000","Pyrrhosoma_nymphula",0.84421,0.66175,1.03772
"2001","Pyrrhosoma_nymphula",1.16686,0.98378,1.3591
"2002","Pyrrhosoma_nymphula",0.64899,0.4793,0.83407
"2003","Pyrrhosoma_nymphula",0.33308,0.18893,0.48063
"2004","Pyrrhosoma_nymphula",0.52625,0.38131,0.6798
"2005","Pyrrhosoma_nymphula",0.51096,0.37074,0.64997
"2006","Pyrrhosoma_nymphula",0.17663,0.05628,0.29816
"2007","Pyrrhosoma_nymphula",-0.29052,-0.39143,-0.18712
"2008","Pyrrhosoma_nymphula",0.4294,0.32304,0.54199
"2009","Pyrrhosoma_nymphula",0.32963,0.23262,0.43348
"2010","Pyrrhosoma_nymphula",0.4476,0.34477,0.54347
"2011","Pyrrhosoma_nymphula",-0.1714,-0.24786,-0.09803
"2012","Pyrrhosoma_nymphula",0.18162,0.1046,0.25907
"2013","Pyrrhosoma_nymphula",0.52809,0.44011,0.62007
"2014","Pyrrhosoma_nymphula",-0.04868,-0.12484,0.02844
"2015","Pyrrhosoma_nymphula",-0.04299,-0.11835,0.03563
"2016","Pyrrhosoma_nymphula",-0.10833,-0.1877,-0.03318
"2017","Pyrrhosoma_nymphula",-0.56858,-0.63957,-0.49886
"2018","Pyrrhosoma_nymphula",-0.64732,-0.71719,-0.58064
"2019","Pyrrhosoma_nymphula",-0.54307,-0.6137,-0.47133
"2020","Pyrrhosoma_nymphula",-0.63301,-0.70359,-0.56468
"2021","Pyrrhosoma_nymphula",-0.4992,-0.57235,-0.42702
"2022","Pyrrhosoma_nymphula",-0.76983,-0.84125,-0.6957
"2023","Pyrrhosoma_nymphula",-0.92896,-1.00646,-0.85699
"clc_artificial_prop","Pyrrhosoma_nymphula",0.13677,0.07545,0.19182
"clc_agriculture_prop","Pyrrhosoma_nymphula",0.35819,0.2828,0.45307
"clc_forest_prop","Pyrrhosoma_nymphula",0.27001,0.18655,0.35548
"clc_vegetation_prop","Pyrrhosoma_nymphula",0.44384,0.33545,0.55241
"clc_bare_prop","Pyrrhosoma_nymphula",-0.68661,-0.8635,-0.53627
"clc_coastal_wetland_prop","Pyrrhosoma_nymphula",-0.36236,-0.43396,-0.29661
"clc_wetland_prop","Pyrrhosoma_nymphula",-0.09249,-0.17646,-0.00297
"clc_river_prop","Pyrrhosoma_nymphula",-0.06642,-0.12098,-0.0101
"bio10_temp_warmQ_dC","Pyrrhosoma_nymphula",-1.90114,-2.07612,-1.72469
"bio12_annual_prec_mm","Pyrrhosoma_nymphula",1.57844,1.4464,1.73277
"bio4_sd_temp","Pyrrhosoma_nymphula",-1.2845,-1.40083,-1.17016
"bio10_temp_warmQ_dC2","Pyrrhosoma_nymphula",-0.30977,-0.43602,-0.18888
"bio12_annual_prec_mm2","Pyrrhosoma_nymphula",-0.2085,-0.26761,-0.14091
"bio4_sd_temp2","Pyrrhosoma_nymphula",-0.4398,-0.51645,-0.35973
"2000","Selysiothemis_nigra",-3.04621,-7.11839,-0.33341
"2001","Selysiothemis_nigra",-3.44589,-7.37676,-0.44999
"2002","Selysiothemis_nigra",-0.05485,-1.77631,1.52983
"2003","Selysiothemis_nigra",-3.1041,-6.21658,-0.43758
"2004","Selysiothemis_nigra",-0.26349,-1.73501,0.93228
"2005","Selysiothemis_nigra",-2.1686,-3.6739,-0.7572
"2006","Selysiothemis_nigra",-0.75079,-2.03417,0.45838
"2007","Selysiothemis_nigra",-1.04023,-2.02902,-0.15547
"2008","Selysiothemis_nigra",-0.47154,-1.55505,0.49376
"2009","Selysiothemis_nigra",0.58199,-0.35258,1.52209
"2010","Selysiothemis_nigra",-0.16152,-1.05528,0.68665
"2011","Selysiothemis_nigra",0.46603,-0.24285,1.17104
"2012","Selysiothemis_nigra",1.13992,0.43567,1.81471
"2013","Selysiothemis_nigra",0.54261,-0.17998,1.24461
"2014","Selysiothemis_nigra",1.0507,0.46788,1.66856
"2015","Selysiothemis_nigra",0.6143,0.0209,1.21519
"2016","Selysiothemis_nigra",1.13575,0.52597,1.69277
"2017","Selysiothemis_nigra",1.31831,0.80096,1.84986
"2018","Selysiothemis_nigra",1.37848,0.87226,1.90309
"2019","Selysiothemis_nigra",1.58448,1.11097,2.09488
"2020","Selysiothemis_nigra",0.69547,0.17297,1.21884
"2021","Selysiothemis_nigra",1.59233,1.06955,2.1189
"2022","Selysiothemis_nigra",1.01119,0.50391,1.54663
"2023","Selysiothemis_nigra",0.86385,0.34849,1.44203
"clc_artificial_prop","Selysiothemis_nigra",0.01641,-0.24248,0.26179
"clc_agriculture_prop","Selysiothemis_nigra",0.37501,-0.04295,0.85717
"clc_forest_prop","Selysiothemis_nigra",-0.23829,-0.73148,0.27141
"clc_vegetation_prop","Selysiothemis_nigra",-0.03905,-0.45095,0.35838
"clc_bare_prop","Selysiothemis_nigra",-0.05575,-0.97391,0.75936
"clc_coastal_wetland_prop","Selysiothemis_nigra",0.28067,0.0554,0.51104
"clc_wetland_prop","Selysiothemis_nigra",0.16998,-0.84932,0.94999
"clc_river_prop","Selysiothemis_nigra",-0.47434,-0.81778,-0.13338
"bio10_temp_warmQ_dC","Selysiothemis_nigra",10.19075,8.31301,12.32526
"bio12_annual_prec_mm","Selysiothemis_nigra",-1.20611,-1.84046,-0.5715
"bio4_sd_temp","Selysiothemis_nigra",-1.71219,-2.41734,-1.08877
"bio10_temp_warmQ_dC2","Selysiothemis_nigra",-1.59004,-2.30043,-0.88591
"bio12_annual_prec_mm2","Selysiothemis_nigra",0.61287,0.36215,0.81543
"bio4_sd_temp2","Selysiothemis_nigra",-0.54645,-1.25488,0.02985
"2000","Somatochlora_alpestris",1.28934,0.67765,1.89642
"2001","Somatochlora_alpestris",1.10217,0.41299,1.76645
"2002","Somatochlora_alpestris",1.2038,0.48019,1.94674
"2003","Somatochlora_alpestris",0.13781,-0.56514,0.78438
"2004","Somatochlora_alpestris",0.04721,-0.58474,0.69557
"2005","Somatochlora_alpestris",-0.07425,-0.74375,0.60472
"2006","Somatochlora_alpestris",0.39608,-0.16998,0.94383
"2007","Somatochlora_alpestris",-0.62085,-1.32517,0.01303
"2008","Somatochlora_alpestris",0.71511,0.29547,1.1863
"2009","Somatochlora_alpestris",0.14728,-0.33444,0.62201
"2010","Somatochlora_alpestris",0.66875,0.2352,1.08505
"2011","Somatochlora_alpestris",-0.01762,-0.47612,0.46383
"2012","Somatochlora_alpestris",0.80252,0.43209,1.17299
"2013","Somatochlora_alpestris",0.73492,0.38357,1.10117
"2014","Somatochlora_alpestris",0.37301,-0.051,0.77104
"2015","Somatochlora_alpestris",0.02389,-0.34956,0.41023
"2016","Somatochlora_alpestris",-0.21185,-0.60457,0.1671
"2017","Somatochlora_alpestris",-0.48263,-0.82152,-0.1172
"2018","Somatochlora_alpestris",-0.72388,-1.08754,-0.36252
"2019","Somatochlora_alpestris",-0.70786,-1.0382,-0.3748
"2020","Somatochlora_alpestris",-1.05652,-1.42222,-0.70077
"2021","Somatochlora_alpestris",-0.559,-0.88988,-0.23711
"2022","Somatochlora_alpestris",-0.74406,-1.10056,-0.37746
"2023","Somatochlora_alpestris",-1.24274,-1.60801,-0.88603
"clc_artificial_prop","Somatochlora_alpestris",0.14263,-0.30444,0.59834
"clc_agriculture_prop","Somatochlora_alpestris",0.8457,0.20607,1.5515
"clc_forest_prop","Somatochlora_alpestris",0.39306,-0.03823,0.90958
"clc_vegetation_prop","Somatochlora_alpestris",0.60559,0.14451,1.06826
"clc_bare_prop","Somatochlora_alpestris",-0.75681,-1.07297,-0.46179
"clc_coastal_wetland_prop","Somatochlora_alpestris",-0.65968,-2.3632,0.53931
"clc_wetland_prop","Somatochlora_alpestris",-0.43341,-0.7796,-0.1128
"clc_river_prop","Somatochlora_alpestris",-0.08366,-0.40045,0.17107
"bio10_temp_warmQ_dC","Somatochlora_alpestris",-5.57235,-6.8659,-4.54312
"bio12_annual_prec_mm","Somatochlora_alpestris",2.9399,2.34702,3.54428
"bio4_sd_temp","Somatochlora_alpestris",4.87421,4.1234,5.74669
"bio10_temp_warmQ_dC2","Somatochlora_alpestris",0.62201,-0.05769,1.24185
"bio12_annual_prec_mm2","Somatochlora_alpestris",-0.6781,-0.90221,-0.49918
"bio4_sd_temp2","Somatochlora_alpestris",-1.39426,-1.82781,-1.00179
"2000","Somatochlora_arctica",0.85984,0.41538,1.3336
"2001","Somatochlora_arctica",0.42134,-0.06046,0.88247
"2002","Somatochlora_arctica",0.64097,0.1797,1.07771
"2003","Somatochlora_arctica",-0.41458,-0.9161,0.03113
"2004","Somatochlora_arctica",-0.43333,-0.91827,0.03013
"2005","Somatochlora_arctica",0.34118,-0.0369,0.73254
"2006","Somatochlora_arctica",0.2969,-0.06089,0.63933
"2007","Somatochlora_arctica",0.22798,-0.08257,0.50632
"2008","Somatochlora_arctica",0.47486,0.20378,0.75464
"2009","Somatochlora_arctica",0.29422,0.03874,0.54607
"2010","Somatochlora_arctica",0.31264,0.04983,0.56463
"2011","Somatochlora_arctica",0.31247,0.06445,0.56348
"2012","Somatochlora_arctica",0.29387,0.05815,0.51849
"2013","Somatochlora_arctica",0.4064,0.18644,0.61914
"2014","Somatochlora_arctica",-0.02774,-0.2832,0.21258
"2015","Somatochlora_arctica",0.33366,0.11656,0.56564
"2016","Somatochlora_arctica",-0.12799,-0.37008,0.0961
"2017","Somatochlora_arctica",0.18031,-0.03124,0.37982
"2018","Somatochlora_arctica",-0.31881,-0.52948,-0.11652
"2019","Somatochlora_arctica",-0.50171,-0.74098,-0.26903
"2020","Somatochlora_arctica",-0.704,-0.92388,-0.49778
"2021","Somatochlora_arctica",-0.54264,-0.74857,-0.33814
"2022","Somatochlora_arctica",-0.69151,-0.91329,-0.46893
"2023","Somatochlora_arctica",-0.75345,-0.98208,-0.53955
"clc_artificial_prop","Somatochlora_arctica",-0.23093,-0.44426,-0.01412
"clc_agriculture_prop","Somatochlora_arctica",-0.04548,-0.31824,0.23944
"clc_forest_prop","Somatochlora_arctica",1.09676,0.87434,1.31792
"clc_vegetation_prop","Somatochlora_arctica",-0.25274,-0.53612,-0.00837
"clc_bare_prop","Somatochlora_arctica",-0.78122,-1.04759,-0.53517
"clc_coastal_wetland_prop","Somatochlora_arctica",-0.29791,-0.85346,0.10811
"clc_wetland_prop","Somatochlora_arctica",0.52564,0.37552,0.66416
"clc_river_prop","Somatochlora_arctica",0.01868,-0.16724,0.15504
"bio10_temp_warmQ_dC","Somatochlora_arctica",-4.55264,-5.16331,-3.97469
"bio12_annual_prec_mm","Somatochlora_arctica",1.57115,1.27241,1.86477
"bio4_sd_temp","Somatochlora_arctica",1.59714,1.33409,1.87761
"bio10_temp_warmQ_dC2","Somatochlora_arctica",-0.07353,-0.52967,0.37371
"bio12_annual_prec_mm2","Somatochlora_arctica",-0.14861,-0.23032,-0.06228
"bio4_sd_temp2","Somatochlora_arctica",-0.35936,-0.52123,-0.20545
"2000","Somatochlora_flavomaculata",-0.17541,-0.53879,0.1699
"2001","Somatochlora_flavomaculata",-0.11764,-0.44277,0.23731
"2002","Somatochlora_flavomaculata",0.7086,0.39451,1.02699
"2003","Somatochlora_flavomaculata",0.39898,0.12298,0.67868
"2004","Somatochlora_flavomaculata",-0.07959,-0.36345,0.21229
"2005","Somatochlora_flavomaculata",0.68091,0.42467,0.94726
"2006","Somatochlora_flavomaculata",0.36404,0.11701,0.61579
"2007","Somatochlora_flavomaculata",0.07724,-0.15712,0.32877
"2008","Somatochlora_flavomaculata",0.5833,0.37494,0.79747
"2009","Somatochlora_flavomaculata",0.60044,0.42032,0.78013
"2010","Somatochlora_flavomaculata",0.25323,0.07808,0.43083
"2011","Somatochlora_flavomaculata",0.18801,0.00373,0.36511
"2012","Somatochlora_flavomaculata",0.29071,0.14324,0.44406
"2013","Somatochlora_flavomaculata",0.17693,0.01609,0.33347
"2014","Somatochlora_flavomaculata",0.22149,0.06526,0.37894
"2015","Somatochlora_flavomaculata",0.01433,-0.13999,0.17432
"2016","Somatochlora_flavomaculata",-0.4828,-0.6271,-0.33606
"2017","Somatochlora_flavomaculata",-0.01247,-0.1717,0.14139
"2018","Somatochlora_flavomaculata",-0.00159,-0.137,0.14652
"2019","Somatochlora_flavomaculata",-0.38486,-0.53136,-0.22662
"2020","Somatochlora_flavomaculata",-0.5788,-0.73067,-0.42366
"2021","Somatochlora_flavomaculata",-0.51858,-0.66817,-0.37275
"2022","Somatochlora_flavomaculata",-0.60986,-0.78227,-0.45125
"2023","Somatochlora_flavomaculata",-0.80358,-0.97643,-0.63415
"clc_artificial_prop","Somatochlora_flavomaculata",-0.05591,-0.20615,0.09651
"clc_agriculture_prop","Somatochlora_flavomaculata",-0.76188,-0.94642,-0.56295
"clc_forest_prop","Somatochlora_flavomaculata",0.65123,0.45049,0.81816
"clc_vegetation_prop","Somatochlora_flavomaculata",-1.22386,-1.51823,-0.9418
"clc_bare_prop","Somatochlora_flavomaculata",0.57362,0.16788,0.96473
"clc_coastal_wetland_prop","Somatochlora_flavomaculata",0.12662,-0.03706,0.27909
"clc_wetland_prop","Somatochlora_flavomaculata",0.78854,0.6112,1.00692
"clc_river_prop","Somatochlora_flavomaculata",-0.09241,-0.23371,0.04444
"bio10_temp_warmQ_dC","Somatochlora_flavomaculata",1.60436,1.25448,1.96758
"bio12_annual_prec_mm","Somatochlora_flavomaculata",0.54737,0.27808,0.80452
"bio4_sd_temp","Somatochlora_flavomaculata",2.35432,2.0579,2.65117
"bio10_temp_warmQ_dC2","Somatochlora_flavomaculata",-2.16411,-2.48944,-1.83428
"bio12_annual_prec_mm2","Somatochlora_flavomaculata",-0.01461,-0.1485,0.11488
"bio4_sd_temp2","Somatochlora_flavomaculata",-1.08158,-1.28858,-0.87582
"2000","Somatochlora_meridionalis",-0.58312,-2.36989,1.12022
"2001","Somatochlora_meridionalis",-1.38384,-3.08737,0.24445
"2002","Somatochlora_meridionalis",1.04032,-0.16607,2.40031
"2003","Somatochlora_meridionalis",-0.36232,-1.7067,1.12429
"2004","Somatochlora_meridionalis",-0.98431,-2.5955,0.42653
"2005","Somatochlora_meridionalis",0.29528,-1.04297,1.58464
"2006","Somatochlora_meridionalis",0.48126,-0.7058,1.61144
"2007","Somatochlora_meridionalis",0.04959,-1.07936,1.15065
"2008","Somatochlora_meridionalis",-0.38328,-1.70055,0.87887
"2009","Somatochlora_meridionalis",0.14622,-0.88309,1.13535
"2010","Somatochlora_meridionalis",0.35466,-0.45744,1.13835
"2011","Somatochlora_meridionalis",0.31508,-0.53641,1.07559
"2012","Somatochlora_meridionalis",1.18063,0.49851,1.80347
"2013","Somatochlora_meridionalis",1.00392,0.38949,1.68427
"2014","Somatochlora_meridionalis",0.69648,-0.02257,1.39279
"2015","Somatochlora_meridionalis",0.55436,-0.12005,1.17224
"2016","Somatochlora_meridionalis",-0.72033,-1.60318,0.06979
"2017","Somatochlora_meridionalis",-0.18085,-0.83454,0.44486
"2018","Somatochlora_meridionalis",-0.67914,-1.36554,-0.04115
"2019","Somatochlora_meridionalis",0.24528,-0.35933,0.79995
"2020","Somatochlora_meridionalis",-0.04072,-0.58458,0.52178
"2021","Somatochlora_meridionalis",-0.07598,-0.64302,0.46296
"2022","Somatochlora_meridionalis",-0.00937,-0.58559,0.53804
"2023","Somatochlora_meridionalis",-0.46016,-1.05152,0.12737
"clc_artificial_prop","Somatochlora_meridionalis",-0.84342,-1.56582,-0.18348
"clc_agriculture_prop","Somatochlora_meridionalis",0.27465,-0.61786,1.38378
"clc_forest_prop","Somatochlora_meridionalis",2.407,1.55604,3.40854
"clc_vegetation_prop","Somatochlora_meridionalis",0.21326,-0.65198,1.13228
"clc_bare_prop","Somatochlora_meridionalis",1.77558,0.54846,2.86375
"clc_coastal_wetland_prop","Somatochlora_meridionalis",-0.8799,-3.66241,0.39522
"clc_wetland_prop","Somatochlora_meridionalis",-2.38788,-4.07048,-0.74387
"clc_river_prop","Somatochlora_meridionalis",-0.34926,-1.10634,0.26638
"bio10_temp_warmQ_dC","Somatochlora_meridionalis",11.82961,9.74497,14.12357
"bio12_annual_prec_mm","Somatochlora_meridionalis",4.34203,3.24806,5.44913
"bio4_sd_temp","Somatochlora_meridionalis",5.72485,4.64689,6.98114
"bio10_temp_warmQ_dC2","Somatochlora_meridionalis",-3.57362,-4.82232,-2.48752
"bio12_annual_prec_mm2","Somatochlora_meridionalis",-0.26798,-0.72402,0.09642
"bio4_sd_temp2","Somatochlora_meridionalis",0.04993,-1.05965,1.07609
"2000","Somatochlora_metallica",0.65474,0.43573,0.89484
"2001","Somatochlora_metallica",0.92878,0.71297,1.14641
"2002","Somatochlora_metallica",0.3393,0.125,0.53716
"2003","Somatochlora_metallica",1.12678,0.95434,1.29409
"2004","Somatochlora_metallica",0.30565,0.11995,0.48586
"2005","Somatochlora_metallica",0.78464,0.62139,0.96151
"2006","Somatochlora_metallica",0.1131,-0.04258,0.2643
"2007","Somatochlora_metallica",0.44633,0.30528,0.60012
"2008","Somatochlora_metallica",0.17449,0.0438,0.30464
"2009","Somatochlora_metallica",0.2406,0.12102,0.36405
"2010","Somatochlora_metallica",0.14522,0.03571,0.25877
"2011","Somatochlora_metallica",0.34521,0.24537,0.45351
"2012","Somatochlora_metallica",0.07485,-0.0232,0.1751
"2013","Somatochlora_metallica",-0.0407,-0.14342,0.05839
"2014","Somatochlora_metallica",-0.07434,-0.1792,0.0217
"2015","Somatochlora_metallica",-0.0652,-0.16097,0.03674
"2016","Somatochlora_metallica",-0.46992,-0.56888,-0.36637
"2017","Somatochlora_metallica",-0.25689,-0.35351,-0.1627
"2018","Somatochlora_metallica",-0.21527,-0.31229,-0.12336
"2019","Somatochlora_metallica",-0.59159,-0.69124,-0.49198
"2020","Somatochlora_metallica",-0.55371,-0.65401,-0.45899
"2021","Somatochlora_metallica",-0.68576,-0.7926,-0.58393
"2022","Somatochlora_metallica",-0.83645,-0.94534,-0.72671
"2023","Somatochlora_metallica",-0.91259,-1.02453,-0.80393
"clc_artificial_prop","Somatochlora_metallica",-0.06846,-0.17569,0.03279
"clc_agriculture_prop","Somatochlora_metallica",0.83032,0.70126,0.97395
"clc_forest_prop","Somatochlora_metallica",0.8449,0.71205,0.97566
"clc_vegetation_prop","Somatochlora_metallica",-0.93237,-1.11613,-0.74883
"clc_bare_prop","Somatochlora_metallica",-1.20366,-1.41729,-1.00267
"clc_coastal_wetland_prop","Somatochlora_metallica",-0.03254,-0.17663,0.09475
"clc_wetland_prop","Somatochlora_metallica",0.59768,0.47291,0.7355
"clc_river_prop","Somatochlora_metallica",-0.03501,-0.13925,0.05656
"bio10_temp_warmQ_dC","Somatochlora_metallica",-3.19625,-3.44454,-2.93593
"bio12_annual_prec_mm","Somatochlora_metallica",-0.08589,-0.28642,0.10874
"bio4_sd_temp","Somatochlora_metallica",3.21667,3.01546,3.41753
"bio10_temp_warmQ_dC2","Somatochlora_metallica",-0.0248,-0.23753,0.17633
"bio12_annual_prec_mm2","Somatochlora_metallica",0.19493,0.12952,0.26655
"bio4_sd_temp2","Somatochlora_metallica",-0.86684,-1.00856,-0.71943
"2000","Stylurus_flavipes",-0.68466,-1.42113,-0.034
"2001","Stylurus_flavipes",0.3931,-0.08403,0.87612
"2002","Stylurus_flavipes",0.4629,-0.02514,0.95543
"2003","Stylurus_flavipes",0.30831,-0.11132,0.71317
"2004","Stylurus_flavipes",-0.53414,-1.03898,-0.04594
"2005","Stylurus_flavipes",-0.50322,-0.97038,-0.04321
"2006","Stylurus_flavipes",0.29921,-0.09168,0.66575
"2007","Stylurus_flavipes",-0.1345,-0.50259,0.2382
"2008","Stylurus_flavipes",-0.14985,-0.5162,0.20512
"2009","Stylurus_flavipes",0.08606,-0.2326,0.38941
"2010","Stylurus_flavipes",-0.0095,-0.3308,0.28994
"2011","Stylurus_flavipes",0.49528,0.22654,0.75433
"2012","Stylurus_flavipes",0.4857,0.22181,0.72399
"2013","Stylurus_flavipes",0.08118,-0.18524,0.34411
"2014","Stylurus_flavipes",0.11387,-0.13045,0.36906
"2015","Stylurus_flavipes",0.32638,0.08932,0.58132
"2016","Stylurus_flavipes",0.60782,0.37642,0.84472
"2017","Stylurus_flavipes",0.47938,0.23101,0.72742
"2018","Stylurus_flavipes",0.02097,-0.2399,0.28493
"2019","Stylurus_flavipes",0.13679,-0.1376,0.39332
"2020","Stylurus_flavipes",-0.13207,-0.41654,0.13859
"2021","Stylurus_flavipes",-0.70168,-1.01447,-0.38811
"2022","Stylurus_flavipes",-0.3738,-0.69188,-0.05904
"2023","Stylurus_flavipes",-0.47796,-0.79056,-0.16356
"clc_artificial_prop","Stylurus_flavipes",0.41108,0.16783,0.7208
"clc_agriculture_prop","Stylurus_flavipes",1.19225,0.62026,1.8959
"clc_forest_prop","Stylurus_flavipes",-0.77791,-1.40908,-0.07342
"clc_vegetation_prop","Stylurus_flavipes",-0.80093,-1.58568,-0.01839
"clc_bare_prop","Stylurus_flavipes",-0.86151,-3.41143,0.86853
"clc_coastal_wetland_prop","Stylurus_flavipes",0.13872,-0.21525,0.49223
"clc_wetland_prop","Stylurus_flavipes",-0.12403,-0.70597,0.4617
"clc_river_prop","Stylurus_flavipes",1.0083,0.5116,1.1893
"bio10_temp_warmQ_dC","Stylurus_flavipes",5.78581,4.59616,7.0764
"bio12_annual_prec_mm","Stylurus_flavipes",-0.66853,-1.35768,-0.04485
"bio4_sd_temp","Stylurus_flavipes",2.67711,2.17262,3.21841
"bio10_temp_warmQ_dC2","Stylurus_flavipes",-3.19993,-3.98529,-2.53596
"bio12_annual_prec_mm2","Stylurus_flavipes",-0.48421,-1.24798,0.17726
"bio4_sd_temp2","Stylurus_flavipes",-0.01022,-0.6459,0.54128
"2000","Sympecma_fusca",-0.15756,-0.3129,0.04355
"2001","Sympecma_fusca",-0.79933,-0.99478,-0.64197
"2002","Sympecma_fusca",-0.51925,-0.6802,-0.37219
"2003","Sympecma_fusca",-0.53168,-0.71847,-0.39034
"2004","Sympecma_fusca",-0.12969,-0.24675,-0.00268
"2005","Sympecma_fusca",-0.16056,-0.28597,-0.01945
"2006","Sympecma_fusca",-0.292,-0.41748,-0.13964
"2007","Sympecma_fusca",0.27339,0.18581,0.36656
"2008","Sympecma_fusca",-0.01046,-0.09479,0.08177
"2009","Sympecma_fusca",-0.24606,-0.37934,-0.13223
"2010","Sympecma_fusca",0.06803,-0.00405,0.14485
"2011","Sympecma_fusca",-0.18869,-0.32328,-0.0778
"2012","Sympecma_fusca",0.00701,-0.08504,0.0788
"2013","Sympecma_fusca",0.27585,0.21673,0.34624
"2014","Sympecma_fusca",0.52736,0.47094,0.57847
"2015","Sympecma_fusca",-0.05896,-0.15945,0.02065
"2016","Sympecma_fusca",-0.10361,-0.19838,-0.027
"2017","Sympecma_fusca",0.19017,0.12688,0.25039
"2018","Sympecma_fusca",-0.00489,-0.08459,0.0602
"2019","Sympecma_fusca",0.51948,0.43831,0.62886
"2020","Sympecma_fusca",0.32516,0.26965,0.40075
"2021","Sympecma_fusca",0.70314,0.5572,0.86695
"2022","Sympecma_fusca",0.16484,0.07897,0.27962
"2023","Sympecma_fusca",0.00105,-0.07458,0.09312
"clc_artificial_prop","Sympecma_fusca",0.00141,-0.09462,0.08005
"clc_agriculture_prop","Sympecma_fusca",-0.17259,-0.29363,-0.07064
"clc_forest_prop","Sympecma_fusca",-0.24407,-0.33767,-0.17269
"clc_vegetation_prop","Sympecma_fusca",-0.26758,-0.36361,-0.16421
"clc_bare_prop","Sympecma_fusca",0.97684,0.75627,1.30517
"clc_coastal_wetland_prop","Sympecma_fusca",-0.1184,-0.18292,-0.06345
"clc_wetland_prop","Sympecma_fusca",-0.23715,-0.37576,-0.13346
"clc_river_prop","Sympecma_fusca",0.04196,-0.00561,0.08735
"bio10_temp_warmQ_dC","Sympecma_fusca",2.48888,2.13195,2.87542
"bio12_annual_prec_mm","Sympecma_fusca",-0.10068,-0.33565,0.07978
"bio4_sd_temp","Sympecma_fusca",0.4944,0.31209,0.73214
"bio10_temp_warmQ_dC2","Sympecma_fusca",-1.49644,-1.75412,-1.25729
"bio12_annual_prec_mm2","Sympecma_fusca",0.01834,-0.0637,0.1086
"bio4_sd_temp2","Sympecma_fusca",-1.28814,-1.42888,-1.16613
"2000","Sympecma_paedisca",-1.91986,-2.73617,-1.15639
"2001","Sympecma_paedisca",-1.01113,-1.75056,-0.29342
"2002","Sympecma_paedisca",-1.44989,-2.13029,-0.7791
"2003","Sympecma_paedisca",-0.50148,-1.05878,0.01818
"2004","Sympecma_paedisca",-0.55814,-1.11164,-0.03322
"2005","Sympecma_paedisca",-0.34049,-0.80455,0.09703
"2006","Sympecma_paedisca",0.12694,-0.25005,0.519
"2007","Sympecma_paedisca",-0.11719,-0.48046,0.23527
"2008","Sympecma_paedisca",0.00586,-0.31469,0.3298
"2009","Sympecma_paedisca",-0.13782,-0.44701,0.17488
"2010","Sympecma_paedisca",0.02594,-0.27882,0.36692
"2011","Sympecma_paedisca",0.10327,-0.21455,0.4204
"2012","Sympecma_paedisca",0.50862,0.22407,0.79972
"2013","Sympecma_paedisca",0.26206,-0.04787,0.55792
"2014","Sympecma_paedisca",0.54288,0.22969,0.85266
"2015","Sympecma_paedisca",0.77536,0.47726,1.08614
"2016","Sympecma_paedisca",0.33619,0.03978,0.64839
"2017","Sympecma_paedisca",0.16892,-0.14644,0.46519
"2018","Sympecma_paedisca",-0.18275,-0.52105,0.12897
"2019","Sympecma_paedisca",0.61431,0.30952,0.93545
"2020","Sympecma_paedisca",0.70789,0.39801,1.00865
"2021","Sympecma_paedisca",0.74594,0.42439,1.07604
"2022","Sympecma_paedisca",0.46795,0.14458,0.82591
"2023","Sympecma_paedisca",0.42266,0.07951,0.7835
"clc_artificial_prop","Sympecma_paedisca",0.82029,0.4098,1.24318
"clc_agriculture_prop","Sympecma_paedisca",1.12432,0.39671,1.98341
"clc_forest_prop","Sympecma_paedisca",0.11937,-0.53268,0.77294
"clc_vegetation_prop","Sympecma_paedisca",-1.05064,-2.35458,0.14087
"clc_bare_prop","Sympecma_paedisca",-0.65325,-2.63755,0.75233
"clc_coastal_wetland_prop","Sympecma_paedisca",0.00211,-1.31805,0.69909
"clc_wetland_prop","Sympecma_paedisca",0.25875,-0.23228,0.75938
"clc_river_prop","Sympecma_paedisca",-0.47918,-1.06917,-0.00235
"bio10_temp_warmQ_dC","Sympecma_paedisca",-0.59345,-1.6468,0.48174
"bio12_annual_prec_mm","Sympecma_paedisca",0.80482,-0.04545,1.74019
"bio4_sd_temp","Sympecma_paedisca",5.62735,4.52652,6.87132
"bio10_temp_warmQ_dC2","Sympecma_paedisca",-1.64318,-2.6243,-0.73376
"bio12_annual_prec_mm2","Sympecma_paedisca",-0.31738,-0.95032,0.13312
"bio4_sd_temp2","Sympecma_paedisca",-1.7414,-2.48733,-1.04902
"2000","Sympetrum_danae",1.01934,0.65558,1.26246
"2001","Sympetrum_danae",0.69632,0.42264,0.93752
"2002","Sympetrum_danae",1.17536,0.73921,1.41387
"2003","Sympetrum_danae",0.88428,0.64384,1.08114
"2004","Sympetrum_danae",0.73433,0.48624,0.9353
"2005","Sympetrum_danae",0.74467,0.54833,0.92462
"2006","Sympetrum_danae",0.35269,0.22571,0.49188
"2007","Sympetrum_danae",0.1245,-0.0286,0.28612
"2008","Sympetrum_danae",0.24734,0.06618,0.38791
"2009","Sympetrum_danae",0.21425,0.11024,0.34298
"2010","Sympetrum_danae",-0.07411,-0.19643,0.06881
"2011","Sympetrum_danae",-0.12091,-0.21734,-0.01981
"2012","Sympetrum_danae",0.72812,0.50249,0.84683
"2013","Sympetrum_danae",1.04131,0.74699,1.15928
"2014","Sympetrum_danae",0.83886,0.46231,0.96143
"2015","Sympetrum_danae",0.00091,-0.11298,0.1082
"2016","Sympetrum_danae",0.05534,-0.0566,0.1715
"2017","Sympetrum_danae",-0.46994,-0.59976,-0.31708
"2018","Sympetrum_danae",-0.90011,-1.03108,-0.68474
"2019","Sympetrum_danae",-1.27346,-1.40683,-0.78928
"2020","Sympetrum_danae",-1.2891,-1.4314,-0.91551
"2021","Sympetrum_danae",-0.899,-1.03424,-0.59089
"2022","Sympetrum_danae",-1.27968,-1.43105,-0.91138
"2023","Sympetrum_danae",-1.60857,-1.76293,-1.14907
"clc_artificial_prop","Sympetrum_danae",0.33572,0.21417,0.47433
"clc_agriculture_prop","Sympetrum_danae",-0.05713,-0.22026,0.09977
"clc_forest_prop","Sympetrum_danae",0.32663,0.10316,0.52732
"clc_vegetation_prop","Sympetrum_danae",-0.25843,-0.52136,0.00596
"clc_bare_prop","Sympetrum_danae",-2.08918,-2.49948,-1.10625
"clc_coastal_wetland_prop","Sympetrum_danae",0.11885,0.00527,0.23944
"clc_wetland_prop","Sympetrum_danae",1.50145,0.6921,1.74047
"clc_river_prop","Sympetrum_danae",0.12485,0.03232,0.23468
"bio10_temp_warmQ_dC","Sympetrum_danae",-9.12385,-9.72604,-6.83868
"bio12_annual_prec_mm","Sympetrum_danae",0.01334,-0.26308,0.34579
"bio4_sd_temp","Sympetrum_danae",1.92316,1.04,2.30808
"bio10_temp_warmQ_dC2","Sympetrum_danae",-0.76826,-1.28748,-0.20207
"bio12_annual_prec_mm2","Sympetrum_danae",0.07539,-0.0493,0.19374
"bio4_sd_temp2","Sympetrum_danae",0.12263,-0.15719,0.37739
"2000","Sympetrum_depressiusculum",-0.56453,-1.17262,-0.02595
"2001","Sympetrum_depressiusculum",-1.12057,-1.76564,-0.4894
"2002","Sympetrum_depressiusculum",-0.29486,-0.85618,0.20076
"2003","Sympetrum_depressiusculum",0.2568,-0.21513,0.73456
"2004","Sympetrum_depressiusculum",-0.67669,-1.22688,-0.10369
"2005","Sympetrum_depressiusculum",-1.18971,-1.84392,-0.5888
"2006","Sympetrum_depressiusculum",-0.52176,-1.04556,-0.08089
"2007","Sympetrum_depressiusculum",-0.21961,-0.64733,0.17117
"2008","Sympetrum_depressiusculum",0.42883,0.01785,0.84425
"2009","Sympetrum_depressiusculum",-0.22697,-0.57771,0.15209
"2010","Sympetrum_depressiusculum",-0.10796,-0.46346,0.22523
"2011","Sympetrum_depressiusculum",0.09605,-0.19134,0.40501
"2012","Sympetrum_depressiusculum",0.89161,0.65018,1.15957
"2013","Sympetrum_depressiusculum",0.6847,0.46113,0.93713
"2014","Sympetrum_depressiusculum",0.9232,0.50804,1.2048
"2015","Sympetrum_depressiusculum",0.50362,0.2497,0.77927
"2016","Sympetrum_depressiusculum",0.43694,0.18795,0.66477
"2017","Sympetrum_depressiusculum",0.42237,0.14099,0.74554
"2018","Sympetrum_depressiusculum",0.08815,-0.17203,0.37065
"2019","Sympetrum_depressiusculum",0.14742,-0.11272,0.39816
"2020","Sympetrum_depressiusculum",0.15914,-0.11065,0.45607
"2021","Sympetrum_depressiusculum",0.2182,-0.05695,0.4962
"2022","Sympetrum_depressiusculum",0.14456,-0.17301,0.47812
"2023","Sympetrum_depressiusculum",-0.25278,-0.58613,0.04409
"clc_artificial_prop","Sympetrum_depressiusculum",0.4866,0.26759,0.71772
"clc_agriculture_prop","Sympetrum_depressiusculum",0.131,-0.17386,0.43837
"clc_forest_prop","Sympetrum_depressiusculum",-2.09955,-2.57331,-1.64072
"clc_vegetation_prop","Sympetrum_depressiusculum",0.028,-0.39881,0.46198
"clc_bare_prop","Sympetrum_depressiusculum",0.52542,0.0427,0.96754
"clc_coastal_wetland_prop","Sympetrum_depressiusculum",0.20951,-0.07124,0.45386
"clc_wetland_prop","Sympetrum_depressiusculum",0.50949,0.19168,0.81695
"clc_river_prop","Sympetrum_depressiusculum",0.21857,0.09927,0.33522
"bio10_temp_warmQ_dC","Sympetrum_depressiusculum",1.94084,1.24586,2.63405
"bio12_annual_prec_mm","Sympetrum_depressiusculum",3.92838,3.20449,4.59485
"bio4_sd_temp","Sympetrum_depressiusculum",5.30938,4.45939,6.13652
"bio10_temp_warmQ_dC2","Sympetrum_depressiusculum",-0.84036,-1.34556,-0.38108
"bio12_annual_prec_mm2","Sympetrum_depressiusculum",-1.27149,-1.66856,-0.90612
"bio4_sd_temp2","Sympetrum_depressiusculum",-2.45457,-3.37992,-1.68412
"2000","Sympetrum_flaveolum",0.88689,0.61621,1.1466
"2001","Sympetrum_flaveolum",-0.62153,-0.90378,-0.32525
"2002","Sympetrum_flaveolum",0.40069,0.16068,0.64383
"2003","Sympetrum_flaveolum",1.23237,1.02862,1.4433
"2004","Sympetrum_flaveolum",1.58186,1.3929,1.77336
"2005","Sympetrum_flaveolum",3.29791,3.10389,3.48472
"2006","Sympetrum_flaveolum",2.92295,2.7531,3.0941
"2007","Sympetrum_flaveolum",0.34876,0.15759,0.53041
"2008","Sympetrum_flaveolum",1.55936,1.40997,1.70713
"2009","Sympetrum_flaveolum",0.50239,0.33953,0.65528
"2010","Sympetrum_flaveolum",0.4364,0.27955,0.58789
"2011","Sympetrum_flaveolum",-0.25267,-0.43899,-0.08836
"2012","Sympetrum_flaveolum",-0.78973,-0.97029,-0.60128
"2013","Sympetrum_flaveolum",-0.26583,-0.45157,-0.09026
"2014","Sympetrum_flaveolum",-0.18645,-0.37603,-0.017
"2015","Sympetrum_flaveolum",-0.9128,-1.10066,-0.71017
"2016","Sympetrum_flaveolum",-1.05973,-1.27041,-0.86593
"2017","Sympetrum_flaveolum",-1.36429,-1.58363,-1.15403
"2018","Sympetrum_flaveolum",0.5711,0.42402,0.71973
"2019","Sympetrum_flaveolum",-0.13147,-0.29702,0.0342
"2020","Sympetrum_flaveolum",-1.08873,-1.2652,-0.90111
"2021","Sympetrum_flaveolum",-1.07768,-1.25826,-0.89878
"2022","Sympetrum_flaveolum",-1.88343,-2.08767,-1.68437
"2023","Sympetrum_flaveolum",-2.03712,-2.25973,-1.81746
"clc_artificial_prop","Sympetrum_flaveolum",-0.27377,-0.38155,-0.15875
"clc_agriculture_prop","Sympetrum_flaveolum",-1.05791,-1.21468,-0.90805
"clc_forest_prop","Sympetrum_flaveolum",-0.76183,-0.90055,-0.6231
"clc_vegetation_prop","Sympetrum_flaveolum",0.99428,0.81645,1.15404
"clc_bare_prop","Sympetrum_flaveolum",1.03006,0.81306,1.25388
"clc_coastal_wetland_prop","Sympetrum_flaveolum",0.03095,-0.081,0.14285
"clc_wetland_prop","Sympetrum_flaveolum",0.04755,-0.10777,0.19299
"clc_river_prop","Sympetrum_flaveolum",-0.00365,-0.0819,0.07079
"bio10_temp_warmQ_dC","Sympetrum_flaveolum",-2.51185,-2.83329,-2.21075
"bio12_annual_prec_mm","Sympetrum_flaveolum",-1.29637,-1.55472,-1.04319
"bio4_sd_temp","Sympetrum_flaveolum",2.6181,2.37854,2.84836
"bio10_temp_warmQ_dC2","Sympetrum_flaveolum",-4.02172,-4.37555,-3.6855
"bio12_annual_prec_mm2","Sympetrum_flaveolum",-0.06151,-0.22197,0.08524
"bio4_sd_temp2","Sympetrum_flaveolum",-0.9912,-1.1557,-0.82601
"2000","Sympetrum_fonscolombii",-0.52555,-0.6891,-0.36515
"2001","Sympetrum_fonscolombii",-0.3459,-0.49859,-0.18722
"2002","Sympetrum_fonscolombii",-0.02032,-0.16361,0.11088
"2003","Sympetrum_fonscolombii",0.42842,0.30477,0.53957
"2004","Sympetrum_fonscolombii",-0.83366,-0.98523,-0.67753
"2005","Sympetrum_fonscolombii",-0.8779,-1.01577,-0.7406
"2006","Sympetrum_fonscolombii",0.65739,0.56588,0.7561
"2007","Sympetrum_fonscolombii",1.47771,1.3754,1.57172
"2008","Sympetrum_fonscolombii",-0.66517,-0.78055,-0.55451
"2009","Sympetrum_fonscolombii",0.46086,0.37743,0.54795
"2010","Sympetrum_fonscolombii",-0.63591,-0.73514,-0.52868
"2011","Sympetrum_fonscolombii",-0.51401,-0.60206,-0.4265
"2012","Sympetrum_fonscolombii",0.75936,0.69574,0.82445
"2013","Sympetrum_fonscolombii",0.33029,0.26206,0.40496
"2014","Sympetrum_fonscolombii",-0.40533,-0.475,-0.32937
"2015","Sympetrum_fonscolombii",0.95144,0.89211,1.0133
"2016","Sympetrum_fonscolombii",-0.41371,-0.48856,-0.33673
"2017","Sympetrum_fonscolombii",0.7718,0.71274,0.83432
"2018","Sympetrum_fonscolombii",-0.50069,-0.57582,-0.42936
"2019","Sympetrum_fonscolombii",1.25295,1.18044,1.32147
"2020","Sympetrum_fonscolombii",-0.20029,-0.26685,-0.13819
"2021","Sympetrum_fonscolombii",-0.07754,-0.14768,-0.01225
"2022","Sympetrum_fonscolombii",-0.5839,-0.65566,-0.51576
"2023","Sympetrum_fonscolombii",-0.63655,-0.71638,-0.5639
"clc_artificial_prop","Sympetrum_fonscolombii",0.06648,0.01633,0.11705
"clc_agriculture_prop","Sympetrum_fonscolombii",-0.53893,-0.61231,-0.47356
"clc_forest_prop","Sympetrum_fonscolombii",-0.39399,-0.46761,-0.30885
"clc_vegetation_prop","Sympetrum_fonscolombii",0.43217,0.34617,0.51698
"clc_bare_prop","Sympetrum_fonscolombii",1.07095,0.94719,1.20142
"clc_coastal_wetland_prop","Sympetrum_fonscolombii",0.07753,0.01958,0.12826
"clc_wetland_prop","Sympetrum_fonscolombii",-0.72952,-0.84587,-0.62719
"clc_river_prop","Sympetrum_fonscolombii",0.01618,-0.02744,0.0581
"bio10_temp_warmQ_dC","Sympetrum_fonscolombii",3.08686,2.93649,3.23444
"bio12_annual_prec_mm","Sympetrum_fonscolombii",0.13612,0.01461,0.25171
"bio4_sd_temp","Sympetrum_fonscolombii",-0.29817,-0.42375,-0.18125
"bio10_temp_warmQ_dC2","Sympetrum_fonscolombii",0.21003,0.11185,0.31222
"bio12_annual_prec_mm2","Sympetrum_fonscolombii",-0.05476,-0.10515,-0.00957
"bio4_sd_temp2","Sympetrum_fonscolombii",-0.06547,-0.1457,0.02203
"2000","Sympetrum_meridionale",-0.5508,-0.87506,-0.24808
"2001","Sympetrum_meridionale",-0.30472,-0.61905,0.01626
"2002","Sympetrum_meridionale",-1.28755,-1.64053,-0.95283
"2003","Sympetrum_meridionale",-0.31248,-0.59875,-0.04541
"2004","Sympetrum_meridionale",-0.08537,-0.34172,0.16424
"2005","Sympetrum_meridionale",-0.10019,-0.3592,0.16041
"2006","Sympetrum_meridionale",0.62354,0.38627,0.85542
"2007","Sympetrum_meridionale",-0.24835,-0.47299,-0.01892
"2008","Sympetrum_meridionale",-0.51941,-0.73208,-0.30704
"2009","Sympetrum_meridionale",-0.25715,-0.45685,-0.05557
"2010","Sympetrum_meridionale",0.18338,0.04285,0.33188
"2011","Sympetrum_meridionale",-0.56706,-0.71897,-0.40236
"2012","Sympetrum_meridionale",-0.43218,-0.57532,-0.30347
"2013","Sympetrum_meridionale",0.71186,0.6009,0.81934
"2014","Sympetrum_meridionale",-0.14217,-0.26435,-0.02038
"2015","Sympetrum_meridionale",-0.28619,-0.40998,-0.17229
"2016","Sympetrum_meridionale",-0.26607,-0.38276,-0.15224
"2017","Sympetrum_meridionale",-0.48329,-0.61067,-0.37337
"2018","Sympetrum_meridionale",0.62395,0.52009,0.73094
"2019","Sympetrum_meridionale",0.40965,0.2958,0.5209
"2020","Sympetrum_meridionale",0.89586,0.78769,1.00739
"2021","Sympetrum_meridionale",0.92719,0.81705,1.04616
"2022","Sympetrum_meridionale",-0.26642,-0.39179,-0.14019
"2023","Sympetrum_meridionale",0.44529,0.32368,0.57052
"clc_artificial_prop","Sympetrum_meridionale",-0.28131,-0.36627,-0.19525
"clc_agriculture_prop","Sympetrum_meridionale",-0.27982,-0.39589,-0.14594
"clc_forest_prop","Sympetrum_meridionale",-0.98202,-1.12796,-0.82638
"clc_vegetation_prop","Sympetrum_meridionale",-0.68978,-0.84815,-0.52591
"clc_bare_prop","Sympetrum_meridionale",2.48135,2.22281,2.72151
"clc_coastal_wetland_prop","Sympetrum_meridionale",0.1159,0.02779,0.20402
"clc_wetland_prop","Sympetrum_meridionale",-0.44391,-0.64488,-0.24234
"clc_river_prop","Sympetrum_meridionale",0.07831,0.01184,0.15497
"bio10_temp_warmQ_dC","Sympetrum_meridionale",5.33492,5.01795,5.66607
"bio12_annual_prec_mm","Sympetrum_meridionale",0.30695,0.09481,0.52373
"bio4_sd_temp","Sympetrum_meridionale",-0.4183,-0.63663,-0.19743
"bio10_temp_warmQ_dC2","Sympetrum_meridionale",-2.00161,-2.19295,-1.82843
"bio12_annual_prec_mm2","Sympetrum_meridionale",-0.06117,-0.20349,0.06436
"bio4_sd_temp2","Sympetrum_meridionale",-0.55124,-0.73007,-0.38422
"2000","Sympetrum_pedemontanum",-1.31413,-1.81731,-0.86965
"2001","Sympetrum_pedemontanum",-1.27434,-1.79455,-0.79632
"2002","Sympetrum_pedemontanum",-0.60079,-0.966,-0.24548
"2003","Sympetrum_pedemontanum",-0.09463,-0.42251,0.23883
"2004","Sympetrum_pedemontanum",0.01864,-0.28414,0.29831
"2005","Sympetrum_pedemontanum",0.25073,-0.04077,0.52852
"2006","Sympetrum_pedemontanum",0.42434,0.15993,0.68551
"2007","Sympetrum_pedemontanum",0.18769,-0.0579,0.44879
"2008","Sympetrum_pedemontanum",-0.14317,-0.41419,0.11704
"2009","Sympetrum_pedemontanum",0.37087,0.15357,0.59694
"2010","Sympetrum_pedemontanum",0.54133,0.33745,0.74228
"2011","Sympetrum_pedemontanum",0.75823,0.5593,0.9485
"2012","Sympetrum_pedemontanum",0.80855,0.62163,0.98461
"2013","Sympetrum_pedemontanum",0.62999,0.45574,0.80479
"2014","Sympetrum_pedemontanum",0.98103,0.80183,1.16744
"2015","Sympetrum_pedemontanum",0.70312,0.5439,0.88396
"2016","Sympetrum_pedemontanum",0.00769,-0.17135,0.19995
"2017","Sympetrum_pedemontanum",0.5256,0.34447,0.71359
"2018","Sympetrum_pedemontanum",0.45913,0.27571,0.65261
"2019","Sympetrum_pedemontanum",0.24306,0.04539,0.45232
"2020","Sympetrum_pedemontanum",-0.438,-0.66232,-0.23305
"2021","Sympetrum_pedemontanum",-0.69454,-0.91824,-0.46536
"2022","Sympetrum_pedemontanum",-0.52584,-0.77268,-0.29227
"2023","Sympetrum_pedemontanum",-0.71615,-0.98079,-0.4764
"clc_artificial_prop","Sympetrum_pedemontanum",0.67178,0.48814,0.86615
"clc_agriculture_prop","Sympetrum_pedemontanum",0.36848,0.05685,0.65031
"clc_forest_prop","Sympetrum_pedemontanum",-1.63119,-1.94618,-1.32413
"clc_vegetation_prop","Sympetrum_pedemontanum",0.37167,0.06162,0.6973
"clc_bare_prop","Sympetrum_pedemontanum",0.57009,0.18015,0.99622
"clc_coastal_wetland_prop","Sympetrum_pedemontanum",-0.04237,-0.38118,0.2371
"clc_wetland_prop","Sympetrum_pedemontanum",-0.39374,-0.77912,0.02173
"clc_river_prop","Sympetrum_pedemontanum",0.0952,-0.07335,0.22447
"bio10_temp_warmQ_dC","Sympetrum_pedemontanum",1.5954,1.0984,2.10161
"bio12_annual_prec_mm","Sympetrum_pedemontanum",2.9237,2.45322,3.47064
"bio4_sd_temp","Sympetrum_pedemontanum",4.99274,4.45418,5.54415
"bio10_temp_warmQ_dC2","Sympetrum_pedemontanum",-1.04481,-1.40034,-0.72521
"bio12_annual_prec_mm2","Sympetrum_pedemontanum",-0.80141,-1.06527,-0.5563
"bio4_sd_temp2","Sympetrum_pedemontanum",-2.34279,-2.92761,-1.76748
"2000","Sympetrum_sanguineum",0.40011,0.08554,0.76111
"2001","Sympetrum_sanguineum",0.15181,-0.04006,0.38847
"2002","Sympetrum_sanguineum",-0.09039,-0.30017,0.04817
"2003","Sympetrum_sanguineum",0.0715,-0.01315,0.23675
"2004","Sympetrum_sanguineum",0.3479,0.25806,0.54353
"2005","Sympetrum_sanguineum",0.0395,-0.03806,0.17788
"2006","Sympetrum_sanguineum",0.42567,0.27431,0.64134
"2007","Sympetrum_sanguineum",-0.02552,-0.09479,0.07795
"2008","Sympetrum_sanguineum",-0.09354,-0.16089,0.01365
"2009","Sympetrum_sanguineum",-0.22141,-0.30587,-0.12554
"2010","Sympetrum_sanguineum",0.13157,0.06096,0.2185
"2011","Sympetrum_sanguineum",-0.58849,-0.74404,-0.51102
"2012","Sympetrum_sanguineum",-0.3655,-0.62116,-0.19887
"2013","Sympetrum_sanguineum",-0.07849,-0.30147,0.06135
"2014","Sympetrum_sanguineum",-0.07618,-0.16879,-0.0245
"2015","Sympetrum_sanguineum",-0.40076,-0.59488,-0.30237
"2016","Sympetrum_sanguineum",0.05558,-0.14762,0.20727
"2017","Sympetrum_sanguineum",-0.24656,-0.39921,-0.13223
"2018","Sympetrum_sanguineum",0.26985,0.13836,0.42765
"2019","Sympetrum_sanguineum",0.36055,0.25081,0.4275
"2020","Sympetrum_sanguineum",0.01321,-0.06717,0.07638
"2021","Sympetrum_sanguineum",0.08742,-0.02767,0.1536
"2022","Sympetrum_sanguineum",-0.41699,-0.53802,-0.3097
"2023","Sympetrum_sanguineum",0.14697,0.04021,0.23864
"clc_artificial_prop","Sympetrum_sanguineum",0.06364,-0.02737,0.16008
"clc_agriculture_prop","Sympetrum_sanguineum",0.25382,0.08559,0.34807
"clc_forest_prop","Sympetrum_sanguineum",-0.6639,-0.96383,-0.42577
"clc_vegetation_prop","Sympetrum_sanguineum",-1.08016,-1.22642,-0.59668
"clc_bare_prop","Sympetrum_sanguineum",1.28936,0.99173,1.79229
"clc_coastal_wetland_prop","Sympetrum_sanguineum",0.01597,-0.0524,0.07707
"clc_wetland_prop","Sympetrum_sanguineum",-0.04353,-0.10704,0.11729
"clc_river_prop","Sympetrum_sanguineum",0.01882,-0.03753,0.06367
"bio10_temp_warmQ_dC","Sympetrum_sanguineum",1.03131,0.76584,1.50593
"bio12_annual_prec_mm","Sympetrum_sanguineum",-0.30561,-0.4968,-0.193
"bio4_sd_temp","Sympetrum_sanguineum",0.27796,0.20488,0.44898
"bio10_temp_warmQ_dC2","Sympetrum_sanguineum",-2.48017,-3.20593,-1.92024
"bio12_annual_prec_mm2","Sympetrum_sanguineum",0.05662,-0.00535,0.10408
"bio4_sd_temp2","Sympetrum_sanguineum",-1.03204,-1.3693,-0.71545
"2000","Sympetrum_sinaiticum",-2.01419,-6.30838,1.10409
"2001","Sympetrum_sinaiticum",-3.55551,-7.51041,-0.57499
"2002","Sympetrum_sinaiticum",-1.1093,-3.46808,0.8143
"2003","Sympetrum_sinaiticum",-1.07581,-3.30116,0.7999
"2004","Sympetrum_sinaiticum",0.69228,-0.41838,1.85797
"2005","Sympetrum_sinaiticum",-0.75738,-1.92204,0.37205
"2006","Sympetrum_sinaiticum",1.13019,0.21147,2.13235
"2007","Sympetrum_sinaiticum",-0.08488,-1.00132,0.77815
"2008","Sympetrum_sinaiticum",1.08978,0.27218,1.96993
"2009","Sympetrum_sinaiticum",-0.27282,-1.21913,0.71034
"2010","Sympetrum_sinaiticum",1.05493,0.39701,1.72738
"2011","Sympetrum_sinaiticum",-0.07402,-0.87051,0.74241
"2012","Sympetrum_sinaiticum",0.39005,-0.32521,1.19294
"2013","Sympetrum_sinaiticum",0.67252,0.01528,1.32151
"2014","Sympetrum_sinaiticum",0.47608,-0.17451,1.14379
"2015","Sympetrum_sinaiticum",0.94049,0.29354,1.59103
"2016","Sympetrum_sinaiticum",0.29627,-0.36198,0.97713
"2017","Sympetrum_sinaiticum",0.56622,-0.00575,1.14531
"2018","Sympetrum_sinaiticum",0.903,0.36352,1.43656
"2019","Sympetrum_sinaiticum",0.47407,-0.092,1.05744
"2020","Sympetrum_sinaiticum",0.74926,0.21427,1.34865
"2021","Sympetrum_sinaiticum",0.04769,-0.57022,0.63599
"2022","Sympetrum_sinaiticum",0.12178,-0.50591,0.76385
"2023","Sympetrum_sinaiticum",-0.11143,-0.75015,0.53885
"clc_artificial_prop","Sympetrum_sinaiticum",0.57151,0.1788,0.99752
"clc_agriculture_prop","Sympetrum_sinaiticum",0.82028,-0.02868,1.92154
"clc_forest_prop","Sympetrum_sinaiticum",1.74197,0.96713,2.63775
"clc_vegetation_prop","Sympetrum_sinaiticum",1.95852,1.32476,2.76179
"clc_bare_prop","Sympetrum_sinaiticum",0.43266,-1.00733,1.56095
"clc_coastal_wetland_prop","Sympetrum_sinaiticum",-3.61913,-6.20358,-1.71183
"clc_wetland_prop","Sympetrum_sinaiticum",-0.45017,-2.76337,1.02269
"clc_river_prop","Sympetrum_sinaiticum",-1.26202,-2.16062,-0.58207
"bio10_temp_warmQ_dC","Sympetrum_sinaiticum",7.00617,5.32252,8.97063
"bio12_annual_prec_mm","Sympetrum_sinaiticum",-4.30144,-5.38967,-3.42886
"bio4_sd_temp","Sympetrum_sinaiticum",-0.17851,-1.08617,0.71542
"bio10_temp_warmQ_dC2","Sympetrum_sinaiticum",-1.4547,-2.20977,-0.7625
"bio12_annual_prec_mm2","Sympetrum_sinaiticum",0.83431,0.38881,1.11029
"bio4_sd_temp2","Sympetrum_sinaiticum",-2.14877,-3.41792,-1.03746
"2000","Sympetrum_striolatum",-0.05114,-0.15395,0.18068
"2001","Sympetrum_striolatum",-0.27323,-0.38142,-0.16923
"2002","Sympetrum_striolatum",-0.07599,-0.16412,0.02466
"2003","Sympetrum_striolatum",-0.10043,-0.18285,0.05997
"2004","Sympetrum_striolatum",0.01026,-0.07111,0.10749
"2005","Sympetrum_striolatum",-0.07848,-0.16217,-0.00103
"2006","Sympetrum_striolatum",0.00537,-0.10465,0.07536
"2007","Sympetrum_striolatum",0.32856,0.26408,0.66588
"2008","Sympetrum_striolatum",0.07337,0.01122,0.24374
"2009","Sympetrum_striolatum",-0.09326,-0.14777,-0.02358
"2010","Sympetrum_striolatum",-0.16389,-0.29296,-0.10964
"2011","Sympetrum_striolatum",-0.25552,-0.29986,-0.20709
"2012","Sympetrum_striolatum",0.0043,-0.26019,0.05162
"2013","Sympetrum_striolatum",0.00827,-0.27318,0.05573
"2014","Sympetrum_striolatum",-0.03302,-0.16384,0.01051
"2015","Sympetrum_striolatum",-0.08468,-0.23761,-0.03893
"2016","Sympetrum_striolatum",0.32282,0.18571,0.36726
"2017","Sympetrum_striolatum",-0.03426,-0.11026,0.00759
"2018","Sympetrum_striolatum",0.02508,-0.08733,0.06783
"2019","Sympetrum_striolatum",-0.03887,-0.14973,0.00525
"2020","Sympetrum_striolatum",0.04244,0.0021,0.11946
"2021","Sympetrum_striolatum",0.16078,0.08925,0.2061
"2022","Sympetrum_striolatum",-0.10123,-0.14668,-0.04873
"2023","Sympetrum_striolatum",0.13914,0.08995,0.28134
"clc_artificial_prop","Sympetrum_striolatum",0.219,0.18271,0.42522
"clc_agriculture_prop","Sympetrum_striolatum",0.17736,0.1324,0.37377
"clc_forest_prop","Sympetrum_striolatum",-0.36603,-0.5764,-0.31104
"clc_vegetation_prop","Sympetrum_striolatum",-0.03975,-0.14107,0.01379
"clc_bare_prop","Sympetrum_striolatum",-0.11086,-0.24505,-0.03473
"clc_coastal_wetland_prop","Sympetrum_striolatum",0.09717,0.05134,0.13193
"clc_wetland_prop","Sympetrum_striolatum",-0.00927,-0.06374,0.03821
"clc_river_prop","Sympetrum_striolatum",0.0119,-0.02397,0.04424
"bio10_temp_warmQ_dC","Sympetrum_striolatum",0.17303,0.06532,0.25057
"bio12_annual_prec_mm","Sympetrum_striolatum",0.35321,0.28276,0.52387
"bio4_sd_temp","Sympetrum_striolatum",-1.02508,-1.5316,-0.94498
"bio10_temp_warmQ_dC2","Sympetrum_striolatum",-0.18249,-0.3799,-0.12645
"bio12_annual_prec_mm2","Sympetrum_striolatum",-0.0397,-0.07722,-0.01693
"bio4_sd_temp2","Sympetrum_striolatum",-0.12638,-0.28693,-0.07289
"2000","Sympetrum_vulgatum",0.3411,0.16254,0.64299
"2001","Sympetrum_vulgatum",0.24657,0.09428,0.45611
"2002","Sympetrum_vulgatum",0.27574,0.10171,0.46914
"2003","Sympetrum_vulgatum",0.4779,0.27535,0.83994
"2004","Sympetrum_vulgatum",0.44922,0.31804,0.62541
"2005","Sympetrum_vulgatum",0.47807,0.35147,0.67993
"2006","Sympetrum_vulgatum",0.59072,0.43373,0.88839
"2007","Sympetrum_vulgatum",0.24877,0.09958,0.53987
"2008","Sympetrum_vulgatum",0.10192,-0.01126,0.30743
"2009","Sympetrum_vulgatum",0.20253,0.09996,0.38433
"2010","Sympetrum_vulgatum",0.17669,0.06582,0.27218
"2011","Sympetrum_vulgatum",0.15437,0.04674,0.36197
"2012","Sympetrum_vulgatum",0.27846,0.18021,0.43185
"2013","Sympetrum_vulgatum",0.28983,0.20489,0.39307
"2014","Sympetrum_vulgatum",0.06033,-0.03765,0.21828
"2015","Sympetrum_vulgatum",0.01506,-0.06898,0.12306
"2016","Sympetrum_vulgatum",-0.22202,-0.45208,-0.08137
"2017","Sympetrum_vulgatum",-0.33931,-0.5397,-0.23169
"2018","Sympetrum_vulgatum",-0.30467,-0.43112,-0.21881
"2019","Sympetrum_vulgatum",-0.40523,-0.62414,-0.27271
"2020","Sympetrum_vulgatum",-0.53368,-0.76872,-0.40513
"2021","Sympetrum_vulgatum",-0.48565,-0.7405,-0.34
"2022","Sympetrum_vulgatum",-0.5745,-0.79768,-0.4484
"2023","Sympetrum_vulgatum",-0.71967,-1.02279,-0.52667
"clc_artificial_prop","Sympetrum_vulgatum",0.36202,0.22759,0.55595
"clc_agriculture_prop","Sympetrum_vulgatum",-0.02578,-0.13905,0.11532
"clc_forest_prop","Sympetrum_vulgatum",-0.77188,-1.04532,-0.58146
"clc_vegetation_prop","Sympetrum_vulgatum",-0.92155,-1.38185,-0.60658
"clc_bare_prop","Sympetrum_vulgatum",0.67464,0.46749,0.99124
"clc_coastal_wetland_prop","Sympetrum_vulgatum",0.48888,0.37956,0.6525
"clc_wetland_prop","Sympetrum_vulgatum",0.07875,-0.04093,0.30673
"clc_river_prop","Sympetrum_vulgatum",0.09035,0.03546,0.17546
"bio10_temp_warmQ_dC","Sympetrum_vulgatum",-2.78037,-3.41042,-2.33004
"bio12_annual_prec_mm","Sympetrum_vulgatum",-1.16027,-1.70897,-0.79278
"bio4_sd_temp","Sympetrum_vulgatum",3.96447,3.33361,4.91556
"bio10_temp_warmQ_dC2","Sympetrum_vulgatum",-2.64512,-3.38262,-2.12516
"bio12_annual_prec_mm2","Sympetrum_vulgatum",0.18385,0.0856,0.32085
"bio4_sd_temp2","Sympetrum_vulgatum",-2.96623,-3.73723,-2.34255
"2000","Trithemis_annulata",-3.52513,-4.69054,-2.47337
"2001","Trithemis_annulata",-4.03328,-5.46959,-2.83067
"2002","Trithemis_annulata",-2.76059,-3.62973,-1.95485
"2003","Trithemis_annulata",-2.09341,-2.82898,-1.38771
"2004","Trithemis_annulata",-1.19895,-1.6824,-0.72513
"2005","Trithemis_annulata",-0.77908,-1.20996,-0.35258
"2006","Trithemis_annulata",-1.17918,-1.62374,-0.77054
"2007","Trithemis_annulata",-0.54194,-0.89876,-0.19071
"2008","Trithemis_annulata",-0.62584,-0.98629,-0.27554
"2009","Trithemis_annulata",-0.54517,-0.85904,-0.21175
"2010","Trithemis_annulata",-0.6899,-0.97265,-0.43368
"2011","Trithemis_annulata",-0.2928,-0.53153,-0.05878
"2012","Trithemis_annulata",-0.34696,-0.56529,-0.11784
"2013","Trithemis_annulata",0.00115,-0.20623,0.22201
"2014","Trithemis_annulata",0.61321,0.41746,0.80578
"2015","Trithemis_annulata",1.1595,0.95995,1.34203
"2016","Trithemis_annulata",1.42537,1.23154,1.61221
"2017","Trithemis_annulata",1.35935,1.16531,1.54494
"2018","Trithemis_annulata",1.43414,1.23409,1.61763
"2019","Trithemis_annulata",1.4223,1.2162,1.61632
"2020","Trithemis_annulata",1.92194,1.70748,2.12544
"2021","Trithemis_annulata",1.81378,1.58791,2.02922
"2022","Trithemis_annulata",2.29594,2.05861,2.52267
"2023","Trithemis_annulata",2.85418,2.61438,3.08571
"clc_artificial_prop","Trithemis_annulata",-0.4782,-0.62815,-0.33223
"clc_agriculture_prop","Trithemis_annulata",-0.03208,-0.27156,0.21688
"clc_forest_prop","Trithemis_annulata",0.48281,0.22438,0.71487
"clc_vegetation_prop","Trithemis_annulata",0.71292,0.47921,0.93781
"clc_bare_prop","Trithemis_annulata",-0.08158,-0.60515,0.47369
"clc_coastal_wetland_prop","Trithemis_annulata",-0.48126,-0.66128,-0.31112
"clc_wetland_prop","Trithemis_annulata",0.04914,-0.4144,0.45891
"clc_river_prop","Trithemis_annulata",-0.15222,-0.33842,0.01155
"bio10_temp_warmQ_dC","Trithemis_annulata",9.81634,9.028,10.69028
"bio12_annual_prec_mm","Trithemis_annulata",1.44492,1.08843,1.78522
"bio4_sd_temp","Trithemis_annulata",-3.82371,-4.25381,-3.39841
"bio10_temp_warmQ_dC2","Trithemis_annulata",-0.21026,-0.61457,0.17544
"bio12_annual_prec_mm2","Trithemis_annulata",-0.11451,-0.31409,0.05947
"bio4_sd_temp2","Trithemis_annulata",-1.14172,-1.42579,-0.86065
"2000","Trithemis_arteriosa",-1.07185,-5.535,2.63462
"2001","Trithemis_arteriosa",-1.5927,-6.02476,2.08492
"2002","Trithemis_arteriosa",-0.684,-5.36313,3.11844
"2003","Trithemis_arteriosa",-0.87576,-5.52093,2.81693
"2004","Trithemis_arteriosa",-2.16145,-6.03,0.8771
"2005","Trithemis_arteriosa",-0.21893,-5.40506,3.21826
"2006","Trithemis_arteriosa",0.21079,-1.53053,2.05801
"2007","Trithemis_arteriosa",2.23112,0.71195,3.72392
"2008","Trithemis_arteriosa",1.72508,-0.232,3.50748
"2009","Trithemis_arteriosa",-1.09169,-5.79218,2.1625
"2010","Trithemis_arteriosa",-0.77896,-5.43831,2.3791
"2011","Trithemis_arteriosa",-1.15147,-5.69413,2.07211
"2012","Trithemis_arteriosa",1.21238,0.07423,2.49226
"2013","Trithemis_arteriosa",0.92823,0.00788,1.96314
"2014","Trithemis_arteriosa",-0.03754,-1.03244,1.04324
"2015","Trithemis_arteriosa",0.11267,-0.85347,1.1789
"2016","Trithemis_arteriosa",1.5781,0.6077,2.65244
"2017","Trithemis_arteriosa",1.3879,0.43935,2.4419
"2018","Trithemis_arteriosa",0.97556,0.02469,1.97269
"2019","Trithemis_arteriosa",2.22981,1.23513,3.22228
"2020","Trithemis_arteriosa",0.97521,-0.03747,2.123
"2021","Trithemis_arteriosa",0.90348,-0.18426,2.04073
"2022","Trithemis_arteriosa",1.31338,0.20264,2.5048
"2023","Trithemis_arteriosa",1.6137,0.45857,2.80754
"clc_artificial_prop","Trithemis_arteriosa",0.32854,-0.35537,0.98889
"clc_agriculture_prop","Trithemis_arteriosa",0.39922,-0.96333,1.90189
"clc_forest_prop","Trithemis_arteriosa",2.86841,1.71063,4.19198
"clc_vegetation_prop","Trithemis_arteriosa",1.1736,0.31349,2.20323
"clc_bare_prop","Trithemis_arteriosa",-0.22334,-1.69061,0.83076
"clc_coastal_wetland_prop","Trithemis_arteriosa",-1.31339,-4.42359,0.28939
"clc_wetland_prop","Trithemis_arteriosa",0.35812,-2.17395,1.74496
"clc_river_prop","Trithemis_arteriosa",-3.17867,-6.13659,-1.0173
"bio10_temp_warmQ_dC","Trithemis_arteriosa",0.14085,-1.38294,2.07137
"bio12_annual_prec_mm","Trithemis_arteriosa",-1.9412,-5.02007,0.41193
"bio4_sd_temp","Trithemis_arteriosa",-2.99262,-5.0323,-1.18386
"bio10_temp_warmQ_dC2","Trithemis_arteriosa",2.97107,2.24584,3.74018
"bio12_annual_prec_mm2","Trithemis_arteriosa",-1.63278,-3.75807,-0.11427
"bio4_sd_temp2","Trithemis_arteriosa",-1.14742,-3.35694,0.52892
"2000","Trithemis_festiva",-1.14064,-5.77704,2.9746
"2001","Trithemis_festiva",-1.65339,-6.51514,2.38987
"2002","Trithemis_festiva",-0.71324,-5.549,2.78768
"2003","Trithemis_festiva",-0.16475,-5.04599,3.64891
"2004","Trithemis_festiva",-0.86595,-5.80902,2.92559
"2005","Trithemis_festiva",-0.5751,-5.34096,3.12715
"2006","Trithemis_festiva",-1.59645,-6.22945,2.05026
"2007","Trithemis_festiva",-1.6277,-6.28612,1.696
"2008","Trithemis_festiva",-0.69924,-5.83321,2.79224
"2009","Trithemis_festiva",-0.18593,-5.01727,3.2337
"2010","Trithemis_festiva",-0.33292,-5.06875,3.22765
"2011","Trithemis_festiva",-0.41122,-5.11316,2.97596
"2012","Trithemis_festiva",1.17341,-0.55032,2.9458
"2013","Trithemis_festiva",1.22061,-0.19976,2.75971
"2014","Trithemis_festiva",0.93255,-0.39791,2.32774
"2015","Trithemis_festiva",2.01667,0.71953,3.44456
"2016","Trithemis_festiva",0.37498,-0.80953,1.55694
"2017","Trithemis_festiva",-0.99545,-2.29326,0.25037
"2018","Trithemis_festiva",1.10614,-0.074,2.26847
"2019","Trithemis_festiva",1.01692,-0.16631,2.23753
"2020","Trithemis_festiva",2.76354,1.44663,4.10226
"2021","Trithemis_festiva",3.35034,2.08643,4.66791
"2022","Trithemis_festiva",2.67528,1.29511,4.07358
"2023","Trithemis_festiva",1.34215,-0.32376,2.88541
"clc_artificial_prop","Trithemis_festiva",0.27774,-0.60837,0.96793
"clc_agriculture_prop","Trithemis_festiva",0.03209,-1.42702,1.55168
"clc_forest_prop","Trithemis_festiva",2.58729,1.35231,3.99669
"clc_vegetation_prop","Trithemis_festiva",1.32451,0.23128,2.42676
"clc_bare_prop","Trithemis_festiva",-0.37463,-2.40151,0.91409
"clc_coastal_wetland_prop","Trithemis_festiva",-1.23549,-4.53946,0.49271
"clc_wetland_prop","Trithemis_festiva",0.5788,-1.74338,1.93959
"clc_river_prop","Trithemis_festiva",-2.68434,-5.82559,-0.48558
"bio10_temp_warmQ_dC","Trithemis_festiva",0.46003,-1.28729,2.7084
"bio12_annual_prec_mm","Trithemis_festiva",-1.80564,-4.8247,0.7734
"bio4_sd_temp","Trithemis_festiva",-2.61685,-4.88395,-0.61567
"bio10_temp_warmQ_dC2","Trithemis_festiva",2.9584,2.03529,3.88296
"bio12_annual_prec_mm2","Trithemis_festiva",-2.88317,-5.55825,-0.73111
"bio4_sd_temp2","Trithemis_festiva",-1.31891,-3.87479,0.63966
"2000","Trithemis_kirbyi",-2.7192,-7.22704,0.29014
"2001","Trithemis_kirbyi",-3.27567,-7.43685,-0.3081
"2002","Trithemis_kirbyi",-5.70731,-8.98237,-3.3343
"2003","Trithemis_kirbyi",-3.38953,-5.81099,-1.29172
"2004","Trithemis_kirbyi",-4.59698,-7.8992,-2.38099
"2005","Trithemis_kirbyi",-3.93475,-6.19734,-2.16349
"2006","Trithemis_kirbyi",-5.34699,-8.64097,-3.02253
"2007","Trithemis_kirbyi",-5.60897,-7.86425,-3.89284
"2008","Trithemis_kirbyi",-2.40244,-3.59215,-1.32021
"2009","Trithemis_kirbyi",-2.47682,-3.69807,-1.31513
"2010","Trithemis_kirbyi",0.05114,-0.55189,0.71383
"2011","Trithemis_kirbyi",0.66077,0.05483,1.27536
"2012","Trithemis_kirbyi",1.24616,0.67024,1.86552
"2013","Trithemis_kirbyi",1.73131,1.16163,2.30766
"2014","Trithemis_kirbyi",2.2592,1.68089,2.87184
"2015","Trithemis_kirbyi",3.30395,2.82283,3.83576
"2016","Trithemis_kirbyi",3.52158,3.04881,4.03888
"2017","Trithemis_kirbyi",4.21447,3.72496,4.73498
"2018","Trithemis_kirbyi",2.61107,2.11374,3.15667
"2019","Trithemis_kirbyi",2.88152,2.37285,3.42198
"2020","Trithemis_kirbyi",3.33844,2.84468,3.87211
"2021","Trithemis_kirbyi",2.53543,2.01897,3.05396
"2022","Trithemis_kirbyi",4.01337,3.52756,4.52537
"2023","Trithemis_kirbyi",4.25724,3.77461,4.75438
"clc_artificial_prop","Trithemis_kirbyi",-0.24863,-0.51296,0.01024
"clc_agriculture_prop","Trithemis_kirbyi",0.10354,-0.42126,0.71519
"clc_forest_prop","Trithemis_kirbyi",1.65403,1.13633,2.23139
"clc_vegetation_prop","Trithemis_kirbyi",1.72925,1.31188,2.19741
"clc_bare_prop","Trithemis_kirbyi",-1.29976,-2.3999,-0.30912
"clc_coastal_wetland_prop","Trithemis_kirbyi",-0.23853,-0.60167,0.13235
"clc_wetland_prop","Trithemis_kirbyi",-1.05864,-2.58545,0.1117
"clc_river_prop","Trithemis_kirbyi",-0.58906,-1.01611,-0.18885
"bio10_temp_warmQ_dC","Trithemis_kirbyi",4.4187,3.37209,5.57175
"bio12_annual_prec_mm","Trithemis_kirbyi",-2.74608,-3.32088,-2.17424
"bio4_sd_temp","Trithemis_kirbyi",-1.71554,-2.36152,-1.09378
"bio10_temp_warmQ_dC2","Trithemis_kirbyi",0.46486,-0.01716,0.96751
"bio12_annual_prec_mm2","Trithemis_kirbyi",0.54343,0.36226,0.71006
"bio4_sd_temp2","Trithemis_kirbyi",-0.45775,-0.97008,0.03599
